Product Name,Brand,Category,Company,Purchase Price,Cost Price,Retail Price,Wholesale Price,Dealer Price,Boxes per Carton,Stock Quantity,Min Stock Level,SKU,Barcode,Description
Kilfa toffee Rs. 1,,Toffee,Gibs,3010,,3060,3040,3010,24,25,,,,
Eclairs toffee Rs. 1,,Toffee,Gibs,3010,,3060,3040,3010,24,80,,,,
Eclairs Jar Rs. 2 (100-p),,Toffee,Gibs,3016,,3100,3046,3016,18,0,,,,
Chocolay toffee Jar Rs. 5,,Toffee,Gibs,2710,,2880,2740,2710,12,0,,,,
Eclairs XL box Rs. 5,,Toffee,Gibs,2230,,2280,2250,2230,12,0,,,,
Eclairs XL Pouch Rs. 5,,Toffee,Gibs,2110,,2250,2200,2110,12,0,,,,
Makhan badami Rs. 5,,Toffee,Gibs,3010,,3060,3040,3010,24,0,,,,
Eclairs XL Jar Rs. 5,,Toffee,Gibs,2710,,2880,2740,2710,12,0,,,,
Makhan badami Rs 10,,Toffee,Gibs,3520,,3600,3550,3520,18,0,,,,
Makhan badami Rs. 20 new,,Toffee,Gibs,3250,,3510,3460,3250,18,0,,,,
Pacer toffee Rs. 5,,Toffee,Gibs,2770,,2950,2850,2770,24,0,,,,
Choco Bics D-Cup Rs. 50,,Chocolate,Gibs,3034,,3120,3064,3034,12,0,,,,
Kiddos magic egg Rs. 50,,Chocolate,Gibs,5482,,5640,5550,5482,12,0,,,,
Crave chocolate Rs. 50,,Chocolate,Gibs,5770,,5880,5800,5770,12,0,,,,
Double delight coconut Rs. 50,,Chocolate,Gibs,2830,,2940,2880,2830,12,0,,,,
Chocolatey Rings Biscuit Rs. 20,,Chocolate,Gibs,3250,,3480,3460,3250,18,0,,,,
Choco jammers Rs. 10,,Chocolate,Gibs,3430,,3520,3460,3430,18,100,,,,
Lootas choc. Coated biscuit Rs. 10,,Chocolate,Gibs,3430,,3520,3460,3430,18,0,,,,
Metro chocolate wafers Rs. 10,,Chocolate,Gibs,2938,,3050,3040,2938,24,150,,,,
Peanut chocolate bar Rs. 10,,Chocolate,Gibs,2530,,2760,2650,2530,24,0,,,,
Coconut chocolate bar Rs. 10,,Chocolate,Gibs,2530,,2760,2650,2530,24,0,,,,
Koket chocolate coconut Rs. 5,,Chocolate,Gibs,1738,,1850,1768,1738,18,0,,,,
Choco Nut Milk Choc. Rs.5,,Chocolate,Gibs,"2,170",,2214,2190,2170,18,0,,,,
Choco Strawberry Break Rs.5,,Chocolate,Gibs,"2,170",,2214,2190,2170,18,0,,,,
Desire Caramal Choco. Rs.5,,Chocolate,Gibs,"2,470",,2580,2530,2470,12,0,,,,
Kingjoy Chocolate Rs.5,,Chocolate,Gibs,"2,170",,2214,2190,2170,18,0,,,,
Coin Chocolate Rs.10 JAR,,Chocolate,Gibs,"4,810",,4980,4880,4810,12,0,,,,
Milk Delight Chocolate Rs.10,,Chocolate,Gibs,"3,610",,3680,3650,3610,18,0,,,,
Lush Star Hazelnut Rs.5 (60-P),,Chocolate,Gibs,"4,510",,4680,4600,4510,18,200,,,,
Chilli Shilli Chew Rs.5,,Chew range,Gibs,"1,690",,1800,1740,1690,24,0,,,,
Zombits Chew Blueberry Rs.5,,Chew range,Gibs,"1,690",,1800,1740,1690,24,0,,,,
Chilli Rope Rs.10,,Chew range,Gibs,"2,890",,3150,2950,2890,18,0,,,,
Rainbow Apple Strawberry Blueberry Rs.10,,Chew range,Gibs,"2,890",,3150,2950,2890,18,0,,,,
Rainbow Orange Strawberry Mango Rs.10,,Chew range,Gibs,"2,890",,3150,2950,2890,18,0,,,,
Tofe Rope Apple Rs.10,,Chew range,Gibs,"2,890",,3150,2950,2890,18,0,,,,
Tofe Rope Blueberry Rs.10,,Chew range,Gibs,"2,890",,3150,2950,2890,18,0,,,,
Zoomii Cola Chew Bar Rs.10,,Chew range,Gibs,"2,890",,3150,2950,2890,18,0,,,,
Zoomii Mango Chew Bar Rs.10,,Chew range,Gibs,"2,890",,3150,2950,2890,18,0,,,,
Zoomii Orange Chew Bar Rs.10,,Chew range,Gibs,"2,890",,3150,2950,2890,18,0,,,,
Zoomii Watermelon Chew Bar Rs.10,,Chew range,Gibs,"2,890",,3150,2950,2890,18,0,,,,
Yammii Chew Bites Rs10,,Chew range,Gibs,"3,160",,3420,3350,3160,18,0,,,,
Chocoz Beans Rs.5,,BUNTY,Gibs,"3,034",,3080,3064,3034,18,100,,,,
Chocoz Choco Beans Rs.10,,BUNTY,Gibs,"2,880",,3000,2930,2880,24,0,,,,
Marshmallow Ice Cone Rs.10,,MARSHMALLOW RANGE,Gibs,"2,710",,3350,3350,2710,18,0,,,,
Mallow Bites Strawberry Rs.10,,MARSHMALLOW RANGE,Gibs,"3,250",,3480,3460,3250,18,0,,,,
Peanut Classic Biscuit Rs.30,,Biscuit,Gibs,"2,530",,2610,2570,2530,18,0,,,,
Zeera Wala Cookies Rs.30,,Biscuit,Gibs,"3,370",,3480,3400,3370,24,0,,,,
Badam Cookies Rs.40,,Biscuit,Gibs,"3,412",,3510,3480,3412,18,0,,,,
Makhan Wala Cookies Rs40,,Biscuit,Gibs,"3,412",,3510,3480,3412,18,0,,,,
Short Bread Cookies Rs.40,,Biscuit,Gibs,"3,412",,3510,3480,3412,18,0,,,,
Energy Glucose Rs.40,,Biscuit,Gibs,"3,340",,3510,3480,3340,18,0,,,,
Up Classic Chocolate Rs.40,,Biscuit,Gibs,"3,340",,3510,3480,3340,18,0,,,,
Up Classic Egg & Milk Rs.40,,Biscuit,Gibs,"3,010",,3180,3120,3010,12,0,,,,
Golden Peanut Biscuit Rs.40,,Biscuit,Gibs,"3,010",,3180,3120,3010,12,0,,,,
Khas Zeera Biscuit Rs.40,,Biscuit,Gibs,"3,010",,3180,3120,3010,12,0,,,,
Lemini Sandwich Rs.40,,Biscuit,Gibs,"3,010",,3180,3120,3010,12,0,,,,
Passion Biscuit Rs.40,,Biscuit,Gibs,"3,010",,3180,3120,3010,12,0,,,,
UP Classic Egg & Milk Cookies Rs. 20,,Biscuit,Gibs,"2,314",,2430,2360,2314,18,60,,,,
Up Classic Ellaichi Rs.20,,Biscuit,Gibs,"2,314",,2430,2360,2314,18,0,,,,
Kafeo Khatai Rs.20,,Biscuit,Gibs,"2,314",,2430,2360,2314,18,0,,,,
Makhan Wala Butter Rs.20,,Biscuit,Gibs,"2,314",,2430,2360,2314,18,300,,,,
Milku Honey & Milk Rs.20,,Biscuit,Gibs,"2,314",,2430,2360,2314,18,0,,,,
New Peanut Pista HR Rs.20,,Biscuit,Gibs,"2,314",,2430,2360,2314,18,0,,,,
Supreme Cookies Rs.20,,Biscuit,Gibs,"2,314",,2430,2360,2314,18,0,,,,
Tea Break Cookies Rs.20,,Biscuit,Gibs,"2,314",,2430,2360,2314,18,0,,,,
Zeera Wala Cookies Rs.20,,Biscuit,Gibs,"2,314",,2430,2360,2314,18,30,,,,
UP Classic Chocolate Cookies Rs. 20,,Biscuit,Gibs,"2,332",,2430,2360,2350,18,20,,,,
Badam Cookies Rs.20,,Biscuit,Gibs,"3,466",,3600,3500,3466,18,0,,,,
Short Bread Cookies Rs.20,,Biscuit,Gibs,"3,466",,3600,3500,3466,18,0,,,,
Energy Glucose Rs.20,,Biscuit,Gibs,"3,340",,3600,3500,3340,18,0,,,,
Lootas Caramel Biscuit 20,,Biscuit,Gibs,"3,250",,3600,3500,3250,18,0,,,,
Baby Food Rs.10 (16-Pack),,Biscuit,Gibs,"2,314",,2430,2360,2314,18,0,,,,
Butter Cookies Rs.10 (16-Pack),,Biscuit,Gibs,"2,314",,2430,2360,2314,18,20,,,,
Choco Doo Sandwich Rs.10,,Biscuit,Gibs,"2,314",,2430,2360,2314,18,20,,,,
Classic Lemon Rs.10,,Biscuit,Gibs,"2,314",,2430,2360,2314,18,0,,,,
Crispy Zeera Rs. 10,,Biscuit,Gibs,"2,314",,2430,2360,2314,18,30,,,,
Glorio Strawberry Vanilla Rs.10,,Biscuit,Gibs,"2,314",,2430,2360,2314,18,0,,,,
Glow Egg Biscuit Rs.10,,Biscuit,Gibs,"2,314",,2430,2360,2314,18,0,,,,
Glucose Rs.10,,Biscuit,Gibs,"2,314",,2430,2360,2314,18,0,,,,
Jim Jam Rs.10,,Biscuit,Gibs,"2,314",,2430,2360,2314,18,200,,,,
Kafeo Khatai Rs.10 (16-Pack),,Biscuit,Gibs,"2,314",,2430,2360,2314,18,50,,,,
Mango Masti Sandwich Rs.10,,Biscuit,Gibs,"2,314",,2430,2360,2314,18,200,,,,
Marie Biscuit Rs.10,,Biscuit,Gibs,"2,314",,2430,2360,2314,18,0,,,,
Milk Short Cake Rs.10,,Biscuit,Gibs,"2,314",,2430,2360,2314,18,0,,,,
Milku Honey & Milk Rs.10,,Biscuit,Gibs,"2,314",,2430,2360,2314,18,0,,,,
More Peanut Rs.10,,Biscuit,Gibs,"2,314",,2430,2360,2314,18,0,,,,
New Peanut Pista Rs.10,,Biscuit,Gibs,"2,314",,2430,2360,2314,18,0,,,,
Peanut Pista Rs.10 (16-Pack),,Biscuit,Gibs,"2,314",,2430,2360,2314,18,0,,,,
Pineapple Cookies Rs.10,,Biscuit,Gibs,"2,314",,2430,2360,2314,18,0,,,,
Premo Choc Rs.10,,Biscuit,Gibs,"2,314",,2430,2360,2314,18,0,,,,
Ringo Milk Glucose Rs.10,,Biscuit,Gibs,"2,314",,2430,2360,2314,18,0,,,,
Smooper Cookies Rs.10,,Biscuit,Gibs,"2,314",,2430,2360,2314,18,0,,,,
Top Crispy & Light (16-Pack),,Biscuit,Gibs,"2,314",,2430,2360,2314,18,0,,,,
Top Mix Rs.10,,Biscuit,Gibs,"2,314",,2430,2360,2314,18,0,,,,
UP Classic Egg & Milk Cookies Rs10,,Biscuit,Gibs,"2,332",,2430,2360,2332,18,20,,,,
Choco Chip Cookies Rs.10,,Biscuit,Gibs,"2,350",,2430,2360,2350,18,0,,,,
UP Classic Chocolate Cookies Rs. 10,,Biscuit,Gibs,"2,332",,2430,2360,2350,18,100,,,,
Up Classic Ellaichi Rs.10,,Biscuit,Gibs,"2,314",,2430,2360,2314,18,0,,,,
Makhan Wala Cookies Rs10,,Biscuit,Gibs,"3,394",,3510,3450,3394,18,0,,,,
Zeera Wala Cookies Rs10,,Biscuit,Gibs,"3,394",,3510,3450,3394,18,0,,,,
Energy Glucose Rs.10,,Biscuit,Gibs,"3,394",,3510,3450,3394,18,0,,,,
Little Hearts Biscuit Rs.10,,Biscuit,Gibs,"2,290",,2350,2320,2290,12,0,,,,
Bisclass Biscuit Rs10,,Biscuit,Gibs,"3,340",,3510,3400,3340,18,0,,,,
Short Bread Cookies Rs.10,,Biscuit,Gibs,"3,466",,3510,3480,3466,18,0,,,,
Baby Food Rs.5 (30-Packs),,Biscuit,Gibs,"2,260",,2280,2280,2260,18,0,,,,
Double Cream Rs.5,,Biscuit,Gibs,"2,260",,2280,2280,2260,18,0,,,,
Glucose Rs.5,,Biscuit,Gibs,"2,260",,2280,2280,2260,18,0,,,,
Glow Egg Biscuit Rs.5,,Biscuit,Gibs,"2,260",,2280,2280,2260,18,0,,,,
Kafeo Khatai Rs.5,,Biscuit,Gibs,"2,260",,2280,2280,2260,18,0,,,,
Khas Peanut Rs.5,,Biscuit,Gibs,"2,260",,2280,2280,2260,18,0,,,,
Kremore Banana Rs.5,,Biscuit,Gibs,"2,260",,2280,2280,2260,18,0,,,,
Kremore Strawberry Rs.5,,Biscuit,Gibs,"2,260",,2280,2280,2260,18,0,,,,
Lion Energy Rs.5,,Biscuit,Gibs,"2,260",,2280,2280,2260,18,0,,,,
More Peanut Rs.5,,Biscuit,Gibs,"2,260",,2280,2280,2260,18,0,,,,
Panjeeri Rs.5,,Biscuit,Gibs,"2,260",,2280,2280,2260,18,0,,,,
Peanut Pista Rs.5,,Biscuit,Gibs,"2,260",,2280,2280,2260,18,0,,,,
Premo Chocolate Rs.5,,Biscuit,Gibs,"2,260",,2280,2280,2260,18,30,,,,
Real Taste Rs.5,,Biscuit,Gibs,"2,260",,2280,2280,2260,18,0,,,,
Ringo Milk Glucose Rs.5,,Biscuit,Gibs,"2,260",,2280,2280,2260,18,20,,,,
Short Cake Rs.5,,Biscuit,Gibs,"2,260",,2280,2280,2260,18,0,,,,
Smooper Cookies Rs.5,,Biscuit,Gibs,"2,260",,2280,2280,2260,18,0,,,,
Up Classic Egg & Milk Rs.5,,Biscuit,Gibs,"2,260",,2280,2280,2260,18,0,,,,
Choco Crunch Biscuit Rs10,,Biscuit,Gibs,"2,314",,2430,2360,2314,18,20,,,,
Choco Flow Biscuit Rs.10,,Biscuit,Gibs,"3,340",,3510,3400,3340,18,0,,,,
Kunafa Pistachio Roll Rs.10,,CEREAL RANGE,Gibs,"2,410",,2480,2440,2410,12,10,,,,
Balisto Choc.Coated Bar Rs. 5,,CEREAL RANGE,Gibs,"3,430",,3510,3480,3430,18,0,,,,
Chocolate Pillow Cereal Rs.10,,CEREAL RANGE,Gibs,"3,430",,3520,3460,3430,18,10,,,,
Trango Choc.Cereal Bar Rs.10,,CEREAL RANGE,Gibs,"3,340",,3520,3460,3340,18,0,,,,
O-Milk Oat Energy Rs.10,,CEREAL RANGE,Gibs,"3,340",,3520,3460,3340,18,10,,,,
Super Donut Strawb.Oats,,CEREAL RANGE,Gibs,"3,340",,3520,3460,3340,18,1,,,,
Cake Time Marble Rs.20,,CAKE RANGE,Gibs,"2,314",,2430,2360,2314,18,0,,,,
Panda Sponge Cake Rs.20,,CAKE RANGE,Gibs,"3,430",,3520,3480,3430,18,50,,,,
Supreme Chocolate Cake Rs.20,,CAKE RANGE,Gibs,"3,430",,3520,3480,3430,18,200,,,,
Supreme Soft Cake Rs.20,,CAKE RANGE,Gibs,"3,430",,3520,3480,3430,18,400,,,,
Swiss Roll Banana & Vanila Rs.20,,CAKE RANGE,Gibs,"2,230",,2430,2360,2230,12,0,,,,
Choco Cake Rs.30,,CAKE RANGE,Gibs,"3,340",,3520,3480,3340,18,30,,,,
Kup Cake Chocolate Rs. 10,,CAKE RANGE,Gibs,"2,224",,2280,2260,2224,18,0,,,,
Kup Cake Strawberry Rs. 10,,CAKE RANGE,Gibs,"2,224",,2280,2260,2224,18,0,,,,
Cake Time Plain Rs. 10,,CAKE RANGE,Gibs,"3,610",,3680,3640,3610,18,300,,,,
Sweet Heart Banana Cake Rs. 10,,CAKE RANGE,Gibs,"3,610",,3680,3640,3610,18,200,,,,
Sweet Heart Red Velvet Cake Rs. 10,,CAKE RANGE,Gibs,"3,610",,3680,3640,3610,18,20,,,,
O-Kay Cake Strawberry Cake Rs. 10,,CAKE RANGE,Gibs,"3,466",,3580,3496,3466,18,100,,,,
O-Kay Cake Chocolate Cake Rs. 10,,CAKE RANGE,Gibs,"3,466",,3580,3496,3466,18,100,,,,
Swiss Banana Roll Cake Rs. 10,,CAKE RANGE,Gibs,"3,466",,3580,3496,3466,18,0,,,,
Swiss Roll Cake Chocolate Rs. 10,,CAKE RANGE,Gibs,"3,466",,3580,3496,3466,18,0,,,,
Swiss Roll Cake Strawberry Rs. 10,,CAKE RANGE,Gibs,"3,466",,3580,3496,3466,18,150,,,,
Donut Chocolate Cake 24-P Rs. 10,,CAKE RANGE,Gibs,"3,664",,3694,3694,3664,18,30,,,,
Chocoberry Stb. Cake Rs.10,,CAKE RANGE,Gibs,"2,170",,2250,2200,2170,18,0,,,,
Chocovil Double Choc Cake Rs. 10,,CAKE RANGE,Gibs,"2,170",,2250,2200,2170,18,0,,,,
Soft cake strawberry Rs. 5,,CAKE RANGE,Gibs,"2,224",,2280,2254,2224,18,50,,,,
Soft cake banana Rs. 5,,CAKE RANGE,Gibs,"2,224",,2280,2254,2224,18,0,,,,
Bulbulay Banana Wafer Rs.5,,Wafers,Gibs,"2,206",,2280,2254,2206,18,0,,,,
Bulbulay Tutti Fruiti Wafer Rs.5,,Wafers,Gibs,"2,206",,2280,2254,2206,18,0,,,,
Wafer Leger Orange Rs.5 (30-packs),,Wafers,Gibs,"2,206",,2280,2254,2206,18,0,,,,
Crispee Wafer Banana Rs10,,Wafers,Gibs,"2,206",,2280,2254,2206,18,0,,,,
Crispee Wafer Orange Rs10,,Wafers,Gibs,"2,206",,2280,2254,2206,18,0,,,,
Peach Waviz Wafer Rs.10,,Wafers,Gibs,"2,206",,2280,2254,2206,18,0,,,,
Cream Wafer Orange Rs.10,,Wafers,Gibs,"2,206",,2280,2254,2206,18,0,,,,
Crispee Wafer Coconut Rs.10,,Wafers,Gibs,"2,206",,2280,2254,2206,18,0,,,,
Crispee Wafer Strawberry Rs10,,Wafers,Gibs,"2,206",,2280,2254,2206,18,0,,,,
Rock N Roll Stb & Choc Wafer Box Rs. 5,,Wafers,Gibs,"2,770",,3000,2880,2770,12,0,,,,
Chocofy Choc Wafer Rolls Rs.10\,,Wafers,Gibs,"2,134",,2214,2180,2134,18,0,,,,
Chocofy Strawberry Wafer Rolls Rs. 10,,Wafers,Gibs,"2,134",,2214,2180,2134,18,0,,,,
Rollex Wafer Strawberry Rs.10,,Wafers,Gibs,"2,410",,2520,2440,2410,12,30,,,,
Rollex Wafer Chocolate Rs.10,,Wafers,Gibs,"2,410",,2520,2440,2410,12,30,,,,
Rollex Wafer Pistachio Roll Rs.10,,Wafers,Gibs,"2,410",,2520,2440,2410,12,30,,,,
Wavy Banana Wafers Rs.20,,Wafers,Gibs,"2,290",,2380,2320,2290,12,100,,,,
Wavy Chocolate Wafers Rs.20,,Wafers,Gibs,"2,290",,2380,2320,2290,12,100,,,,
Wavy Orange Wafers Rs.20,,Wafers,Gibs,"2,290",,2380,2320,2290,12,100,,,,
Wavy Strawberry Wafers Rs.20,,Wafers,Gibs,"2,290",,2380,2320,2290,12,100,,,,
Bakes SP Rs.40,,Biscuit,Gibs,"3,082",,,,3082,1,,,,,
Supreme SP Rs.40,,Biscuit,Gibs,"3,082",,,,3082,1,,,,,
Coco Bite Cookies Rs.50,,Biscuit,Gibs,"1,834",,1950,1900,1834,1,0,,,,
Glow Egg & Milk Rs.50,,Biscuit,Gibs,"1,834",,1950,1900,1834,1,0,,,,
Supreme Egg & Milk Rs.50,,Biscuit,Gibs,"1,834",,1950,1900,1834,1,0,,,,
Metro Mix Nimko Rs.50,,Nimko,Gibs,"2,770",,2880,2800,2770,12,10,,,,
Royal Mix Nimko Rs.50,,Nimko,Gibs,"2,770",,2880,2800,2770,12,30,,,,
Supreme Dal Moth Rs.50,,Nimko,Gibs,"2,770",,2880,2800,2770,12,0,,,,
Peanut Fried & Salted Rs.20,,Nimko,Gibs,"2,340",,,,2340,12,,,,,
Chaska Dal Mooth Rs.10 (15-Pack),,Nimko,Gibs,"2,134",,2200,2164,2134,18,0,,,,
Crunch Nimko Rs.10 (15-Pack),,Nimko,Gibs,"2,134",,2200,2164,2134,18,0,,,,
Nimkoz Nimko Rs.10,,Nimko,Gibs,"2,134",,2200,2164,2134,18,0,,,,
Best Nimko Rs.10,,Nimko,Gibs,"2,134",,2200,2164,2134,18,0,,,,
Chicken Paray Rs.5,,Nimko,Gibs,"1,990",,2160,2100,1990,18,0,,,,
Nimoo Paray Rs.5 (30-Pcs),,Nimko,Gibs,"1,990",,2160,2100,1990,18,0,,,,
Crunch Nimko Rs.5 (30-Packs),,Nimko,Gibs,"2,134",,2200,2164,2134,18,50,,,,
Karachi Achari Mix Rs.5 (30-Packs),,Nimko,Gibs,"2,134",,2200,2164,2134,18,0,,,,
Karachi Tikka Mix Rs.5 (30-Packs),,Nimko,Gibs,"2,134",,2200,2164,2134,18,0,,,,
Dal Moth Classic Rs.10,,Nimko,Gibs,"2,800",,2970,2900,2800,18,0,,,,
Prime Nimko Mix Rs.20 (12-Pack),,Nimko,Gibs,"2,230",,2280,2260,2230,12,0,,,,
Royal Mix Nimko Rs.20,,Nimko,Gibs,"2,230",,2280,2260,2230,12,30,,,,
Dal Moth Classic Rs.10 Thelli,,Nimko,Gibs,"3,070",,3240,3150,3070,36,0,,,,
Nimko Masala Rs.5 Thelli,,Nimko,Gibs,"1,594",,1728,1650,1594,36,0,,,,
Metro Mix Nimko Rs.20,,Nimko,Gibs,"2,230",,2280,2260,2230,12,10,,,,
Supreme Dal Moth Rs.20,,Nimko,Gibs,"2,230",,2280,2260,2230,12,0,,,,
Papri Namkin Rs.20 (Thelli),,Nimko,Gibs,"2,050",,2160,2100,2050,12,0,,,,
Munch Namak Para Rs.10 (Thelli),,Nimko,Gibs,"4,330",,4500,4400,4330,36,0,,,,
Coconut Wala Rs.40 (Value Pack),,Biscuit,Gibs Gold,"3,412",,3510,3450,3412,18,0,,,,
Coconut Wala HR Rs.20,,Biscuit,Gibs Gold,"2,314",,2430,2360,2314,18,20,,,,
Peanut Wala HR Rs.20,,Biscuit,Gibs Gold,"2,314",,2430,2360,2314,18,20,,,,
Peanut Wala Rs.30,,Biscuit,Gibs Gold,"3,370",,3480,3420,3370,24,0,,,,
Rex Blueberry Vanilla Rs.10,,Biscuit,Gibs Gold,"2,314",,2430,2360,2314,18,0,,,,
Rex Strawberry Vanilla Rs.10,,Biscuit,Gibs Gold,"2,314",,2430,2360,2314,18,0,,,,
Selection Egg & Milk Cookies Rs.10,,Biscuit,Gibs Gold,"2,314",,2430,2360,2314,18,0,,,,
Choco Brownie Rs.10,,Biscuit,Gibs Gold,"2,314",,2430,2360,2314,18,0,,,,
Lovely Coconut Cookies Rs.10,,Biscuit,Gibs Gold,"2,314",,2430,2360,2314,18,0,,,,
Milky Magic Rs.10,,Biscuit,Gibs Gold,"2,170",,2250,2200,2170,18,0,,,,
Coconut Wala Cookies Rs.10,,Biscuit,Gibs Gold,"3,394",,3510,3450,3394,18,0,,,,
Lovely Peanut Rs.5,,Biscuit,Gibs Gold,"2,260",,2300,2280,2260,18,20,,,,
Lovely Coconut Rs.5,,Biscuit,Gibs Gold,"2,260",,2300,2280,2260,18,20,,,,
Milky Magic Rs.5,,Biscuit,Gibs Gold,"2,260",,2300,2280,2260,18,0,,,,
Rex Banana Sandwich Rs.5,,Biscuit,Gibs Gold,"2,260",,2300,2280,2260,18,0,,,,
Rex Strawberry Vanilla Rs.5,,Biscuit,Gibs Gold,"2,260",,2300,2280,2260,18,20,,,,
Selection Egg & Milk Cookies Rs.5,,Biscuit,Gibs Gold,"2,260",,2300,2280,2260,18,0,,,,
Biskela Chocolate Biscuit Rs.10,,Chocolate,Gibs Gold,"3,430",,3520,3460,3430,18,100,,,,
Chocodip Chocolate Biscuit Rs.10,,Chocolate,Gibs Gold,"3,430",,3520,3460,3430,18,0,,,,
Conito Cone Tutti Frutti Rs.10,,Cone,Gibs Gold,"3,340",,3520,3460,3340,18,0,,,,
ChocoKo Chocolate Beans Rs.5,,Beans,Gibs Gold,"3,034",,3080,3064,3034,18,0,,,,
Touch Mobile Beans Rs.5,,Beans,Gibs Gold,"3,034",,3080,3064,3034,18,1,,,,
Bento Beans Pouch Rs.10,,Beans,Gibs Gold,"3,466",,3520,3496,3466,18,200,,,,
Bento Beans Pouch Rs.20,,Beans,Gibs Gold,"3,276",,3480,3460,3276,18,30,,,,
Biscos Chocolate Coated Mini Biscuits Rs. 10,,Beans,Gibs Gold,"3,070",,3510,3350,3070,18,0,,,,
Crave Wafer Chocolate Rs.10,,Wafers,Gibs Gold,"2,206",,2280,2260,2206,18,0,,,,
Crave Wafer Orange Rs.10,,Wafers,Gibs Gold,"2,206",,2280,2260,2206,18,0,,,,
Crave Wafer Strawberry Rs.10,,Wafers,Gibs Gold,"2,206",,2280,2260,2206,18,0,,,,
Joystik Chocolate Wafer Roll Rs.10,,Wafers,Gibs Gold,"2,842",,2928,2900,2842,24,0,,,,
Joystik Strawberry Wafer Roll Rs.10,,Wafers,Gibs Gold,"2,842",,2928,2900,2842,24,0,,,,
Swiss Roll Choc. & Vanila Cake Rs.20,,CAKE RANGE,Gibs Gold,"2,230",,2340,2280,2230,12,0,,,,
Donut Chocolate Cake Rs.20,,CAKE RANGE,Gibs Gold,"3,340",,3580,3460,3340,18,0,,,,
UP Soft Cake Rs.20,,CAKE RANGE,Gibs Gold,"3,430",,3520,3480,3430,18,50,,,,
Boost Big Bubble Rs.5,,Bubble,Gibs Gold,"2,194",,2280,2230,2194,12,1,,,,
Boomer Mouth Freshner Bubble Rs.5,,Bubble,Gibs Gold,"2,194",,2280,2230,2194,12,0,,,,
TikTik Bubble Gum Box Rs.5,,Bubble,Gibs Gold,"2,254",,2340,2280,2254,12,0,,,,
Potato Fries Tikka Box Rs.10,,Nimko,Gibs Gold,"2,170",,2250,2200,2170,18,0,,,,
Darbari Tikka Mix Nimko Rs.5,,Nimko,Gibs Gold,"2,134",,2200,2164,2134,18,0,,,,
Darbari Tikka Mix Nimko Rs.10,,Nimko,Gibs Gold,"2,134",,2200,2164,2134,18,200,,,,
Chaska Dal Moth Rs.10,,Nimko,Gibs Gold,"2,134",,2200,2164,2134,18,0,,,,
Classic (Blue) Mix Nimko Rs.20,,Nimko,Gibs Gold,"2,338",,2400,2380,2338,24,0,,,,
Classic (Red) Delight Nimko Rs.20,,Nimko,Gibs Gold,"2,338",,2400,2380,2338,24,0,,,,
Classic Potato Stix (with Ketchup) Rs.20,,Nimko,Gibs Gold,"2,410",,2520,2450,2410,24,0,,,,
Tawazo Munchy Dal Moth Rs.20,,Nimko,Gibs Gold,"2,230",,2280,2260,2230,12,0,,,,
Tawazo Munchy Mix Nimko Rs.20,,Nimko,Gibs Gold,"2,230",,2280,2260,2230,12,0,,,,
Tawazo Munchy Dal Moth Rs.50,,Nimko,Gibs Gold,"2,770",,2880,2800,2770,12,0,,,,
Tawazo Munchy Mix Nimko Rs.50,,Nimko,Gibs Gold,"2,770",,2880,2800,2770,12,0,,,,
Dipper vanilla / strawberry cup Rs. 5,,Chocolate,Gibs Gold,"3,130",,3180,3160,3130,12,0,,,,
Festo caramel chocolate Rs. 5,,Chocolate,Gibs Gold,"2,170",,2250,2200,2170,18,0,,,,
Milky strawberry paste Rs. 5,,Chocolate,Gibs Gold,"2,842",,2950,2880,2842,24,0,,,,
Double decker cars chocolate Rs. 10,,Chocolate,Gibs Gold,"2,890",,2950,2920,2890,12,50,,,,
Koneto Cone Pop Lolly Box Rs.5,,Lollypop,Gibs Gold,"2,224",,2280,2254,2224,18,0,,,,
Mickey Pop Fruity Lolly Box Rs.5,,Lollypop,Gibs Gold,"2,224",,2280,2254,2224,18,100,,,,
Jagmag Light Lolly Pop Box Rs.5,,Lollypop,Gibs Gold,"2,224",,2280,2254,2224,18,0,,,,
Lovely Pop Mango Lolly Box Rs.5,,Lollypop,Gibs Gold,"2,398",,2480,2430,2398,12,0,,,,
Cookies Milk Chocolate Lollypop Box Rs.5,,Lollypop,Gibs Gold,"2,398",,2480,2430,2398,12,0,,,,
Cookies Milk Strawberry Lollypop Box Rs.5,,Lollypop,Gibs Gold,"2,398",,2480,2430,2398,12,0,,,,
Lovely Pop Mango Lolly JAR Rs.5,,Lollypop,Gibs Gold,"2,050",,2100,2100,2050,6,0,,,,
Sohan Halwa Toffee Box Rs.5,,Toffee,Gibs Gold,"2,170",,2280,2200,2170,12,100,,,,
Twix Milk & Chocolate Toffee Rs.5,,Toffee,Gibs Gold,"2,530",,2900,2750,2530,24,0,,,,
Doodh Makhani Toffee Rs.10,,Toffee,Gibs Gold,"3,340",,3510,3460,3340,18,0,,,,
Peach Maza Candy Re.1,,candy,Gibs Gold,"2,986",,3064,3016,2986,24,30,,,,
Big Apple Candy Box Rs.2 (75-Piece),,candy,Gibs Gold,"2,554",,2750,2584,2554,24,30,,,,
Imlii Notty Candy Box Rs.2 (75-Piece),,candy,Gibs Gold,"2,554",,2750,2584,2554,24,30,,,,
My Heart Fruity Flv. Candy Box Rs.5,,candy,Gibs Gold,"2,530",,2900,2750,2530,24,0,,,,
Hot Chilli & Imlee Candy Box Rs.5,,candy,Gibs Gold,"2,530",,2900,2750,2530,24,0,,,,
Hot Chilli & Imlee Candy JAR Rs.5,,candy,Gibs Gold,"2,110",,2280,2160,2110,12,0,,,,
Choran Chatpati Candy Jar Rs.5 (52-Piece),,candy,Gibs Gold,"2,110",,2280,2160,2110,12,0,,,,
Dairy Gold Butter Candy Jar Rs.5 (52-Piece),,candy,Gibs Gold,"2,110",,2280,2160,2110,12,0,,,,
Golden Khopra Candy Jar Rs.5 (52-Piece),,candy,Gibs Gold,"2,110",,2280,2160,2110,12,0,,,,
Mango Plus Candy Jar Rs.5 (52-Piece),,candy,Gibs Gold,"2,110",,2280,2160,2110,12,0,,,,
Mint Drops Candy Jar Rs.5 (52-Piece),,candy,Gibs Gold,"2,110",,2280,2160,2110,12,0,,,,
Lemon King Sandwich Rs20,,Biscuit,Donal,"2,314",,2430,2360,2314,18,0,,,,
Classic Egg Milk Rs.20,,Biscuit,Donal,"2,314",,2430,2360,2314,18,0,,,,
Peanut Pista Biscuits Rs. 50,,Biscuit,Donal,"1,834",,1980,1900,1834,48,0,,,,
Milkish TP Rs.10,,Biscuit,Donal,"2,170",,2280,2280,2170,18,0,,,,
Banana King Sandwich (16-Pack) Rs. 10,,Biscuit,Donal,"2,314",,2430,2360,2314,18,0,,,,
Classic Egg Milk Rs.10,,Biscuit,Donal,"2,314",,2430,2360,2314,18,0,,,,
Choco Peanut (16-Pack),,Biscuit,Donal,"2,314",,2430,2360,2314,18,30,,,,
Coconut Cookies Rs10,,Biscuit,Donal,"2,314",,2430,2360,2314,18,0,,,,
Gale Egg Rs.10 (16-Pack),,Biscuit,Donal,"2,314",,2430,2360,2314,18,0,,,,
Golden Zeera (16-Pack),,Biscuit,Donal,"2,314",,2430,2360,2314,18,30,,,,
Jam-in Rs.10 (16-Pack),,Biscuit,Donal,"2,314",,2430,2360,2314,18,50,,,,
Lemon King Rs.10 (16-Pack),,Biscuit,Donal,"2,314",,2430,2360,2314,18,0,,,,
Peanut Pista Rs. 10,,Biscuit,Donal,"2,314",,2430,2360,2314,18,50,,,,
Rainbow Cookies Rs.10,,Biscuit,Donal,"2,314",,2430,2360,2314,18,50,,,,
Soober Cookies Rs.10,,Biscuit,Donal,"2,314",,2430,2360,2314,18,0,,,,
Butter Mini Cookies Rs.10,,Biscuit,Donal,"2,290",,2380,2320,2290,12,0,,,,
ChipTrip Mini Cookies Rs.10,,Biscuit,Donal,"2,290",,2380,2320,2290,12,40,,,,
Gale Egg Rs.5 (30-Pack),,Biscuit,Donal,"2,260",,2280,2280,2260,18,0,,,,
Milkish Rs.5,,Biscuit,Donal,"2,260",,2280,2280,2260,18,0,,,,
Peanut Pista Rs.5,,Biscuit,Donal,"2,260",,2280,2280,2260,18,0,,,,
Reoo Strawberry / Van. Rs.5,,Biscuit,Donal,"2,260",,2280,2280,2260,18,0,,,,
Mini Me Strawberry Rs.5,,Biscuit,Donal,"1,738",,1800,1768,1738,18,0,,,,
Mini Me Chocolate Rs.5,,Biscuit,Donal,"1,738",,1800,1768,1738,18,0,,,,
Choco Crust Wafer Rs.10,,Chocolate,Donal,"2,938",,3040,3040,3010,24,0,,,,
Dream Choc. Rs.10,,Chocolate,Donal,"3,430",,3520,3460,3430,18,0,,,,
Peanut Droo 3in1 Rs.10(24-Pcs),,Chocolate,Donal,"3,430",,3520,3460,3430,18,0,,,,
Koket Chocolate Coconut Rs.5,,Chocolate,Donal,"1,738",,1800,1800,1738,18,0,,,,
Nutto Chocolate Rs.5,,Chocolate,Donal,"2,170",,2214,2200,2170,18,0,,,,
Milk Delight Chocolate Rs.10,,Chocolate,Donal,"3,610",,3690,3640,3610,18,0,,,,
Coin Chocolate Jar Rs.10,,Chocolate,Donal,"4,810",,,,4810,12,,,,,
Fruity Jelly Cone Jar Rs.5,,Jelly,Donal,"2,890",,2950,2920,2890,12,0,,,,
Cup Jelly Mix Fruit Jar Rs10,,Jelly,Donal,"2,890",,2950,2920,2890,12,0,,,,
Lovely Heart Jelly Jar Rs.5,,Jelly,Donal,"2,950",,3000,2980,2950,12,0,,,,
Choco Treat Coated Cereal Bar Rs. 10,,CEREAL RANGE,Donal,"3,430",,3520,3460,3430,18,0,,,,
Balisto Choc.Coated Bar Rs.5,,CEREAL RANGE,Donal,"3,430",,3520,3460,3430,18,0,,,,
Donut Milky Oats Rs.10,,CEREAL RANGE,Donal,"3,340",,3520,3460,3340,18,0,,,,
Soober SP Rs.40,,Biscuit,Donal,"3,082",,,,3082,1,,,,,
Peach Tasties Wafer Rs.10,,Wafers,Donal,"2,206",,2280,2260,2206,18,0,,,,
Wafer Banana Rs.10,,Wafers,Donal,"2,206",,2280,2260,2206,18,0,,,,
Rock N Roll Stb & Choc Wafer Rs. 5,,Wafers,Donal,"2,770",,3000,2880,2770,12,0,,,,
Stix Choc.Wafer Rolli Rs.10,,Wafers,Donal,"2,134",,2250,2180,2134,18,0,,,,
Banana Cream Paste Rs.5,,Chocolate,Donal,"2,842",,2950,2900,2842,24,0,,,,
Mango Cream Paste Rs.5,,Chocolate,Donal,"2,842",,2950,2900,2842,24,0,,,,
Football Choco Jar Rs.2,,Chocolate,Donal,"4,600",,4680,4650,4600,18,0,,,,
Lush Choc. Paste Box Rs.5,,Chocolate,Donal,"2,842",,2950,2900,2842,24,0,,,,
Fun Dip Banana Cup Rs.5,,Chocolate,Donal,"3,130",,3180,3160,3130,12,0,,,,
Fun Dip Mango Cup Rs.5,,Chocolate,Donal,"3,130",,3180,3160,3130,12,0,,,,
Koko Masti Choc. Rs.5,,Chocolate,Donal,"3,664",,3710,3700,3664,18,0,,,,
Koko Masti Strawberry Rs.5,,Chocolate,Donal,"3,664",,3710,3700,3664,18,0,,,,
Fishu Big Choco Sticks Rs.10,,Chocolate,Donal,"2,890",,2950,2920,2890,18,50,,,,
Fishu Choco Sticks Rs.5(40-P),,Chocolate,Donal,"3,070",,3120,3100,3070,18,50,,,,
Milko Masti Milk Cream Rs.5,,Chocolate,Donal,"2,842",,2950,2900,2842,24,0,,,,
Football Choco JAR Rs.5,,Chocolate,Donal,"4,330",,4500,4400,4330,18,0,,,,
Smart Egg Box Rs.5,,Chocolate,Donal,"2,890",,2950,2920,2890,12,0,,,,
Super Sports Car Choc Rs.5,,Chocolate,Donal,"2,890",,2950,2920,2890,12,20,,,,
Cute Cartoon Banana Rs.5,,Chocolate,Donal,"2,890",,2950,2920,2890,12,0,,,,
Fun Dip Chocolate Cup R.5,,Chocolate,Donal,"3,130",,3180,3160,3130,12,0,,,,
Cookie Cone Box Rs.10,,Cone,Donal,"3,340",,3480,3460,3340,18,0,,,,
Badami Cone Box Rs.10,,Cone,Donal,"3,340",,3480,3460,3340,18,20,,,,
Mango Mini Cone Box R.5,,Cone,Donal,"2,650",,2700,2680,2650,12,0,,,,
Best Nimko Rs.10,,Nimko,Donal,"2,134",,2200,2164,2134,18,0,,,,
Funpara Nimko Mix Rs.10,,Nimko,Donal,"1,810",,1920,1850,1810,12,0,,,,
Papri Chaska Thelli Rs.10,,Nimko,Donal,"2,110",,2232,2200,2110,24,0,,,,
Spicy Tikka Nimko Rs10,,Nimko,Donal,"2,800",,2880,2850,2800,18,0,,,,
Crunch Nimko Rs.5(30-Pack),,Nimko,Donal,"2,134",,2200,2164,2134,18,10,,,,
Chicken Paray Rs.5 (30-Pcs),,Nimko,Donal,"1,990",,2160,2100,1990,18,0,,,,
Nimoo Paray Rs.5 (30-Pcs),,Nimko,Donal,"1,990",,2160,2100,1990,18,0,,,,
Potato Sticks Rs.10,,Chips,Donal,"2,170",,2250,2200,2170,18,0,,,,
Dilpop Fruity Lolly Box Rs.5,,Lollypop,Donal,"2,224",,2280,2260,2224,18,0,,,,
Kulfi Strawberry Lollypop Rs5,,Lollypop,Donal,"2,224",,2280,2260,2224,18,30,,,,
Rose Mirchi Lolly Pop Rs.5,,Lollypop,Donal,"2,224",,2280,2260,2224,18,30,,,,
Spark Lolly Pop Rs.5,,Lollypop,Donal,"2,224",,2280,2260,2224,18,0,,,,
Two-2 Cone Pop Lolly Rs.5,,Lollypop,Donal,"2,224",,2280,2260,2224,18,0,,,,
Eyepop Blueberry Box Rs.5,,Lollypop,Donal,"2,398",,2480,2430,2398,12,0,,,,
Eyepop Orange Box Rs.5,,Lollypop,Donal,"2,398",,2480,2430,2398,12,0,,,,
Éclairs Toffee Re.1 Box,,Toffee,Donal,"3,010",,3064,3040,3010,24,60,,,,
Kulfa Toffee Re.1,,Toffee,Donal,"3,010",,3064,3040,3010,24,30,,,,
Eclairs Cml.Toffee Jar Rs5,,Toffee,Donal,"2,710",,2880,2750,2710,12,0,,,,
Twix Coconut & Choc Rs.5,,Toffee,Donal,"2,530",,2900,2650,2530,24,0,,,,
Makhan Badami Rs.5,,Toffee,Donal,"3,010",,3070,3040,3010,24,0,,,,
Khopra Toffee Box Rs.10,,Toffee,Donal,"3,340",,3510,3460,3340,18,0,,,,
Mobile Choc. Beans Rs.5,,Beans,Donal,"3,034",,3070,3064,3034,18,0,,,,
Choco Bite Beans Rs.5,,Beans,Donal,"3,034",,3070,3064,3034,18,0,,,,
Choco Bite Beans Rs.10,,Beans,Donal,"2,880",,2950,2920,2880,24,2,,,,
Butter Original Candy JAR Rs. 5,,candy,Donal,"2,110",,2220,2160,2110,12,0,,,,
Makhni Butter Candy Box Rs. 5,,candy,Donal,"2,530",,2900,2650,2530,24,0,,,,
Peanut Delight Candy Box Rs. 5,,candy,Donal,"2,530",,2900,2650,2530,24,0,,,,
Teddie Bear Candy Box Rs. 5,,candy,Donal,"2,530",,2900,2650,2530,24,0,,,,
Lemon Candy Box Rs.2,,candy,Donal,"2,554",,2750,2584,2554,24,20,,,,
Pulse Candy Box Rs.2,,candy,Donal,"2,554",,2750,2584,2554,24,0,,,,
Amrood Maza Candy Re.1,,candy,Donal,"2,986",,3060,3016,2986,24,30,,,,
Chat Pat Candy Box Re.1,,candy,Donal,"2,986",,3060,3016,2986,24,30,,,,
Energy Candy Box Re.1,,candy,Donal,"2,986",,3060,3016,2986,24,0,,,,
Fantaz Candy Box Re.1,,candy,Donal,"2,986",,3060,3016,2986,24,0,,,,
Fine Ever Candy Re.1,,candy,Donal,"2,986",,3060,3016,2986,24,0,,,,
Hofit Drops Candy Re.1,,candy,Donal,"2,986",,3060,3016,2986,24,0,,,,
Imli Mix Candy Re.1,,candy,Donal,"2,986",,3060,3016,2986,24,30,,,,
Khopra Special Candy Re.1,,candy,Donal,"2,986",,3060,3016,2986,24,20,,,,
Mango Splaish Candy Box Rs. 1,,candy,Donal,"2,986",,3060,3016,2986,24,30,,,,
Mixery Strawberry Candy Re.1,,candy,Donal,"2,986",,3060,3016,2986,24,20,,,,
Pan Maza Candy Box Rs. 5,,candy,Donal,"2,986",,3060,3016,2986,24,20,,,,
Sherbat Candy Re.1,,candy,Donal,"2,986",,3060,3016,2986,24,0,,,,
Vita White Candy Re.1,,candy,Donal,"2,986",,3060,3016,2986,24,0,,,,
Boomer Elaichi Bubble Rs.5,,Bubble,Donal,"2,194",,2280,2250,2194,12,5,,,,
Foot Balls Bubble Box Rs.5,,Bubble,Donal,"2,194",,2280,2250,2194,12,0,,,,
Boomz Orange Rs.2,,Bubble,Donal,"2,890",,2980,2920,2890,24,0,,,,
Boomz Banana Rs.2,,Bubble,Donal,"2,890",,2980,2920,2890,24,0,,,,
Magic Football Bubble Jar Rs.5,,Bubble,Donal,"2,890",,2980,2920,2890,12,0,,,,
Snopper Soft Cake Rs.20,,CAKE RANGE,Donal,"3,430",,3520,3480,3430,18,0,,,,
Swiss Roll Stb. & Vanila Rs.20,,CAKE RANGE,Donal,"2,230",,2280,2250,2230,12,0,,,,
Slice Cake Plain Rs.20,,CAKE RANGE,Donal,"2,314",,2380,2350,2314,18,0,,,,
Sweet Cake Plain Rs.10,,CAKE RANGE,Donal,"3,610",,3680,3640,3610,18,0,,,,
Heart Brownies Choc.Cake Rs.10,,CAKE RANGE,Donal,"3,610",,3680,3640,3610,18,200,,,,
Heart Plain Cake Rs.10,,CAKE RANGE,Donal,"3,610",,3680,3640,3610,18,50,,,,
Swiss Chiproll Choco. Rs.10,,CAKE RANGE,Donal,"3,466",,3580,3496,3466,18,10,,,,
Swiss Strawberry Rs.10,,CAKE RANGE,Donal,"3,466",,3580,3496,3466,18,0,,,,
Oh-Yes Choc.Strawberry Cake Rs. 10,,CAKE RANGE,Donal,"3,466",,3580,3496,3466,18,0,,,,
Soft Cake Strawberry Rs. 5,,CAKE RANGE,Donal,"2,224",,2280,2254,2224,18,0,,,,
Zombizz Apple / Lemon Chew Rs.10,,Chew range,Donal,"2,890",,3000,2920,2890,18,0,,,,
Zombizz Blueberry Chew Rs.10,,Chew range,Donal,"2,890",,3000,2920,2890,18,0,,,,
Mellow Joy Mango Marshmallow,,MARSHMALLOW RANGE,Donal,"3,250",,3480,3380,3250,18,0,,,,
Peanut Pista Rs.10,,Biscuit,Soney,"2,314",,2430,2360,2314,18,50,,,,
Choco Choco Rs.10 (16-Pcs),,Biscuit,Soney,"2,314",,2430,2360,2314,18,30,,,,
Crazy Mix Rs.10,,Biscuit,Soney,"2,314",,2430,2360,2314,18,0,,,,
Pine Apple Cookies Rs.10,,Biscuit,Soney,"2,314",,2430,2360,2314,18,0,,,,
Snoober Rs.10 (16-Pcs),,Biscuit,Soney,"2,314",,2430,2360,2314,18,0,,,,
Coconut Cookies Rs.5,,Biscuit,Soney,"2,260",,2300,2280,2260,18,0,,,,
Double Taste Rs.5,,Biscuit,Soney,"2,260",,2300,2280,2260,18,0,,,,
Due Strawberry Vanilla Rs.30,,Biscuit,Soney,"2,314",,,,2314,1,0,,,,
Supreme SP Rs.40,,Biscuit,Soney,"3,082",,,,3082,1,0,,,,
Football Choco Jar Rs.2 New,,Biscuit,Soney,"4,600",,,,4600,18,0,,,,
Lush Choc. Paste Box Rs.5,,Chocolate,Soney,"2,842",,2950,2920,2842,24,0,,,,
Koko Masti Choc. Rs.5,,Chocolate,Soney,"3,664",,3780,3690,3664,18,0,,,,
Koko Masti Strawberry Rs.5,,Chocolate,Soney,"3,664",,3780,3690,3664,18,0,,,,
Fishu Big Choco Sticks Rs.10,,Chocolate,Soney,"2,890",,2980,2920,2890,18,0,,,,
Fishu Choco Sticks Rs.5(40-P),,Chocolate,Soney,"3,070",,3140,3100,3070,18,30,,,,
Milko Masti Milk Cream Rs.5,,Chocolate,Soney,"2,842",,2950,2920,2842,24,0,,,,
Football Chocolate JAR Rs.5,,Chocolate,Soney,"4,330",,4500,4400,4330,18,0,,,,
Cute Cartoon Strawberry Rs5,,Chocolate,Soney,"2,890",,2980,2920,2890,12,10,,,,
Racing Car Chocolate Rs.5,,Chocolate,Soney,"2,890",,2980,2920,2890,12,10,,,,
Smart Egg Box Rs.5,,Chocolate,Soney,"2,890",,2980,2920,2890,12,0,,,,
Choco Truck ChocolateTube Rs10,,Chocolate,Soney,"3,664",,3710,3694,3664,18,10,,,,
Choco Truck StrawberryTube Rs10,,Chocolate,Soney,"3,664",,3710,3694,3664,18,10,,,,
Badami Cone Box Rs.10,,Cone,Soney,"3,340",,3510,3460,3340,18,10,,,,
Pista Cone Box Rs.10,,Cone,Soney,"3,340",,3510,3460,3340,18,10,,,,
Conex Orange Cone Rs.5,,Cone,Soney,"2,650",,2720,2680,2650,12,0,,,,
Choco Zoo Coated Biscuit Rs.10,,Chocolate,Soney,"3,430",,3520,3460,3430,18,20,,,,
Choco Delight Sandwich Rs.10,,Chocolate,Soney,"3,430",,3520,3460,3430,18,0,,,,
Bisgood Choc.Rs.10(24-Packs),,Chocolate,Soney,"3,430",,3520,3460,3430,18,0,,,,
Spark Chocolate Wafer Rs.10,,Chocolate,Soney,"2,938",,3040,3040,3010,24,0,,,,
Koket Chocolate Coconut Rs.5,,Chocolate,Soney,"1,738",,1800,1760,1738,18,0,,,,
Milk Delight Chocolate Rs.10,,Chocolate,Soney,"3,610",,3680,3640,3610,18,0,,,,
Coin Chocolate Jar Rs.10,,Chocolate,Soney,"4,810",,4950,4850,4810,12,0,,,,
Classic Butter Makhan Rs.20,,Toffee,Soney,"2,314",,2430,2380,2314,18,0,,,,
Best Egg & Milk Rs.20,,Biscuit,Soney,"2,314",,2430,2360,2314,18,10,,,,
Crunch Nimko Rs.5 (30-Pcs),,Nimko,Soney,"2,134",,2214,2164,2134,18,20,,,,
Best Nimko Rs.10 (15-Pcs),,Nimko,Soney,"2,134",,2214,2164,2134,18,0,,,,
Chicken Paray Rs.5 (30-Pcs),,Nimko,Soney,"1,990",,2214,2160,1990,18,0,,,,
Nimoo Paray Rs.5 (30-Pcs),,Nimko,Soney,"1,990",,2214,2160,1990,18,0,,,,
Boomz Orange Rs.2,,Bubble,Soney,"2,890",,3000,2920,2890,24,0,,,,
Boomz Banana Rs.2,,Bubble,Soney,"2,890",,3000,2920,2890,24,0,,,,
Magic Football Bubble Jar Rs.5,,Bubble,Soney,"2,890",,3000,2920,2890,12,0,,,,
Hatric Bubble Rs.5,,Bubble,Soney,"2,254",,2340,2280,2254,12,20,,,,
Mobile Choc. Beans Rs.5,,Beans,Soney,"3,034",,3080,3064,3034,18,0,,,,
Smilez Beans Rs.5,,Beans,Soney,"3,034",,3080,3064,3034,18,0,,,,
Makhan Badami Rs.5,,Toffee,Soney,"3,010",,3080,3040,3010,24,0,,,,
Éclairs Toffee Re.1 Box,,Toffee,Soney,"3,010",,3080,3040,3010,24,30,,,,
Kulfa Toffee Re.1,,Toffee,Soney,"3,010",,3080,3040,3010,24,20,,,,
Amrood Maza Candy Box Re.1,,candy,Soney,"2,986",,3060,3016,2986,24,20,,,,
Cow Milk Soft Candy Box,,candy,Soney,"2,986",,3060,3016,2986,24,20,,,,
Energy Candy Box,,candy,Soney,"2,986",,3060,3016,2986,24,20,,,,
Fast Kino Candy Box,,candy,Soney,"2,986",,3060,3016,2986,24,20,,,,
Fine Ever Candy Box Re.1,,candy,Soney,"2,986",,3060,3016,2986,24,20,,,,
Hofit Drops Candy (150-Piece),,candy,Soney,"2,986",,3060,3016,2986,24,20,,,,
Khopra Special (150-Piece),,candy,Soney,"2,986",,3060,3016,2986,24,20,,,,
Mango Splaish (150-Piece),,candy,Soney,"2,986",,3060,3016,2986,24,20,,,,
Mixery Strawberry Candy Re.1,,candy,Soney,"2,986",,3060,3016,2986,24,20,,,,
Pan Maza Candy (150-Piece),,candy,Soney,"2,986",,3060,3016,2986,24,20,,,,
Sherbat Candy (150-Piece),,candy,Soney,"2,986",,3060,3016,2986,24,20,,,,
Vita White Candy (150-Piece),,candy,Soney,"2,986",,3060,3016,2986,24,20,,,,
Khaas Mix Nimko Rs.20,,Nimko,Soney,"2,230",,2280,2260,2230,12,0,,,,
Khaas Mix Nimko Rs.50,,Nimko,Soney,"2,770",,2880,2800,2770,12,0,,,,
Potato Sticks Rs.10,,Chips,Soney,"2,170",,2250,2200,2170,18,0,,,,
Rainbow Beans Packs Rs.5,,Beans,Soney,"2,650",,2950,2800,2650,24,0,,,,
Fruit Dip St.berry Cream Rs.5,,Chocolate,Soney,"3,130",,3180,3160,3130,12,0,,,,
Superb Soft Cake Rs.20,,CAKE RANGE,Soney,"3,430",,3520,3480,3430,18,0,,,,
Breaktime Plain Cake Rs.20,,CAKE RANGE,Soney,"2,314",,2380,2350,2314,18,0,,,,
Donut Strawberry Cake Rs.10,,CAKE RANGE,Soney,"3,664",,3694,3694,3664,18,0,,,,
Float Chocolate Cake Rs.10,,CAKE RANGE,Soney,"2,170",,2214,2200,2170,18,0,,,,
Crown Chocolate Sandwich R5,,Biscuit,Soney,"2,260",,2300,2280,2260,18,0,,,,
Gold Egg Biscuit Rs.5 (30-Pack),,Biscuit,Soney,"2,260",,2300,2280,2260,18,0,,,,
Krem-o Stb. Rs.5 (30-Pack),,Biscuit,Soney,"2,260",,2300,2280,2260,18,0,,,,
Short Cake Rs.5,,Biscuit,Soney,"2,260",,2300,2280,2260,18,0,,,,
Snober Cookies TP Rs.5,,Biscuit,Soney,"2,260",,2300,2280,2260,18,0,,,,
Vevo Strawberry TP Rs.5,,Biscuit,Soney,"2,260",,2300,2280,2260,18,0,,,,
Gold Egg Bisc Rs.10 (12-Pack),,Biscuit,Soney,"2,314",,2430,2360,2314,24,0,,,,
Magic Jam Sandwich Rs.10,,Biscuit,Soney,"2,314",,2430,2360,2314,18,60,,,,
Mango Fun Sandwich Rs.10,,Biscuit,Soney,"2,314",,2430,2360,2314,18,60,,,,
Best Chocolate Cookies Rs.10,,Biscuit,Soney,"2,350",,2430,2360,2350,18,20,,,,
Best Egg & Milk Cookies Rs.10,,Biscuit,Soney,"2,314",,2430,2360,2314,18,20,,,,
Swizo Strawberry Roll Cake Rs. 10,,CAKE RANGE,Soney,"3,466",,3580,3496,3466,18,0,,,,
Break Time Plain Cake Rs. 10,,CAKE RANGE,Soney,"3,610",,3680,3640,3610,18,0,,,,
Kup Cake Strawberry Rs.10,,CAKE RANGE,Soney,"2,224",,2340,2264,2224,24,0,,,,
Classic Banana Cake Rs.5,,CAKE RANGE,Soney,"2,224",,2340,2264,2224,18,0,,,,
Classic Strawberry Cake Rs.5,,CAKE RANGE,Soney,"2,224",,2340,2264,2224,18,0,,,,
Badami Candy Box (30-P) Rs. 5,,candy,Soney,"2,890",,2950,2920,2890,24,0,,,,
Monster Chew Bar Rs.5,,Chew range,Soney,"1,690",,1800,1750,1690,24,0,,,,
Fantos Candy Rs.2,,candy,Soney,"2,554",,2750,2584,2554,24,10,,,,
Guava Candy Rs.2,,candy,Soney,"2,554",,2750,2584,2554,24,10,,,,
Buuter scotch candy Rs. 2,,candy,Soney,"2,554",,2750,2584,2554,24,0,,,,
Butterfull Candy Re.1,,candy,Soney,"2,986",,3070,3016,2986,24,20,,,,
Red Apple Candy Re.1,,candy,Soney,"2,986",,3070,3016,2986,24,20,,,,
Imli Candy Re.1,,candy,Soney,"2,986",,3070,3016,2986,24,20,,,,
Donut Pop Chocolate Box Rs.5,,Lollypop,Soney,"2,398",,2480,2430,2398,12,0,,,,
Jet Lollypop Box Rs.5,,Lollypop,Soney,"2,224",,2280,2254,2224,18,20,,,,
Kulfi Pista Lollypop Box Rs.5,,Lollypop,Soney,"2,224",,2280,2254,2224,18,30,,,,
Pop Light Lollypop Rs.5,,Lollypop,Soney,"2,224",,2280,2254,2224,18,20,,,,
Panda Lollypop Rs.5 Box,,Lollypop,Soney,"2,224",,2280,2254,2224,18,20,,,,
Buttery Lollypop Rs.5 Jar,,Lollypop,Soney,"2,890",,,,2890,12,,,,,
Chulbulay Tuti Fruity Wafer Rs.5,,Wafers,Soney,"2,206",,2280,2280,2206,18,0,,,,
Rock N Roll Stb & Choc Wafer Box Rs. 5,,Wafers,Soney,"2,770",,3000,2880,2770,12,0,,,,
Lovely Heart Jelly Jar Rs.5 (60-Pcs),,Jelly,Soney,"2,950",,3120,3000,2950,12,0,,,,
Mix Fruit Cone Jelly Rs.5 (60-Pcs),,Jelly,Soney,"2,890",,3000,2950,2890,12,0,,,,
Cup Jelly Mix Fruit Jar Rs10,,Jelly,Soney,"2,890",,3000,2950,2890,12,0,,,,
Balisto Choc.Coated Bar Rs.5,,CEREAL RANGE,Soney,"3,430",,3520,3460,3430,18,0,,,,
ROYAL COCONUT COOKIES RS. 50/-,,Biscuit,Kims,"1,834",,1980,1900,"1,834",48,30,,,,
ROYAL SANDWICH CREAM BISCUIT RS. 50/-,,Biscuit,Kims,"1,834",,1980,1900,"1,834",48,0,,,,
MILKY WAY BISCUIT RS. 50/-,,Biscuit,Kims,"1,834",,1980,1900,"1,834",48,0,,,,
DANISH BUTTER COOKIES FP (RS.50/-),,Biscuit,Kims,"3,850",,,,"3,850",48,,,,,
TEA TIME FP (RS.50/-),,Biscuit,Kims,"3,850",,,,"3,850",48,,,,,
SUPERB MP RS. 40/-,,Biscuit,Kims,"3,120",,3180,3150,"3,120",12,20,,,,
CHOCOLATE CRUNCH MP RS. 40/-,,Biscuit,Kims,"3,120",,3180,3150,"3,120",12,0,,,,
CHEFF BISCUITS RS. 40/-,,Biscuit,Kims,"3,120",,3180,3150,"3,120",12,20,,,,
DANISH BUTTER COOKIES MP (RS.30/-),,Biscuit,Kims,"2,602",,,,"2,602",18,,,,,
LEMON CRUNCH MP RS.30/-,,Biscuit,Kims,"2,602",,,,"2,602",18,,,,,
LEMON CRUNCH MP RS.20/-,,,Kims,"2,296",,,,"2,296",18,,,,,
SUPERB MP (RS.20/-),,,Kims,"2,782",,,,"2,782",18,,,,,
ZEERA KHASTA COOKIES MP (RS.20/-),,,Kims,"1,666",,,,"1,666",18,,,,,
DREAM COOKIES MP (RS.20/-),,,Kims,"1,666",,,,"1,666",18,,,,,
RIGHT MP (RS.10/-),,,Kims,"2,296",,,,"2,296",18,,,,,
ROYAL ( CHOCOLATE SANDWICH ) MP (RS.10/-),,,Kims,"2,296",,,,"2,296",18,,,,,
DANISH BUTTER COOKIES MP (RS.10/-),,,Kims,"2,296",,,,"2,296",18,,,,,
LEMON SANDWICH Snack Pack (RS.5/-),,,Kims,"2,260",,,,"2,260",,,,,,
CHOCODIP BISCUITS SNACK PACK RS 5,,,Kims,"1,738",,,,"1,738",,,,,,
PEANUT PISTA Snack Pack (RS.5/-),,,Kims,"2,260",,,,"2,260",,,,,,
ROYAL CHOCOLATE T/P RS. 5/- (30 PIECES),,,Kims,"2,260",,,,"2,260",,,,,,
YUMISH Snack Pack (RS.5/-),,,Kims,"2,260",,,,"2,260",,,,,,
SUPER POWER BISCUIT RS.5 (30-PACKS),,,Kims,"2,260",,,,"2,260",,,,,,
MILKY WAY ( LARGE BOX ) (RS.5/-),,,Kims,"1,738",,,,"1,738",,,,,,
FRUITO CONE JELLY RS.5/-,,Jelly,Kims,"2,890",,,,"2,890",,,,,,
FOREVER CANDY RS. 5/- (30 PIECES),,candy,Kims,"1,900",,,,"1,900",,,,,,
JOY LIP CANDY (BERRIES) RS. 5/-,,candy,Kims,"1,900",,,,"1,900",,,,,,
KULFA CANDY RS. 5/- (30 PIECES),,candy,Kims,"1,900",,,,"1,900",,,,,,
JOY LIP CANDY (BERRIES) JAR RS. 5/-,,candy,Kims,"2,110",,,,"2,110",,,,,,
COFFEE BLEND CANDY RS. 5/- JAR (50 PIECES),,candy,Kims,"2,110",,,,"2,110",,,,,,
ECLAIRS TREAT TOFFEE RS. 5/- (50 PIECES),,Toffee,Kims,"2,230",,,,"2,230",,,,,,
MULTANI HALWA TOFFEE (RS.2/-),,Toffee,Kims,"2,770",,,,"2,770",,,,,,
KULFA TOFFO BOX (RS.1/-),,Toffee,Kims,"2,260",,,,"2,260",,,,,,
SPINNEK MILK CANDY CANDY BOX RS.2/-,,candy,Kims,"2,554",,,,"2,554",,,,,,
FOREVER CANDY RS. 2/-,,candy,Kims,"2,554",,,,"2,554",,,,,,
FOREVER CANDY POUCH RS.1/- (70 PIECES),,candy,Kims,1910,,,,"1,910",,,,,,
SURPRISE CANDY BOX (RS.1/-),,candy,Kims,1910,,,,"1,910",,,,,,
AAM MAZA BOX (RS.1/-),,candy,Kims,2986,,,,"2,986",,,,,,
FOREVER BOX (RS.1/-),,candy,Kims,2986,,,,"2,986",,,,,,
COLA CANDY BOX (RS.1/-),,candy,Kims,2986,,,,"2,986",,,,,,
MAJIC STICKS,,Wafers,Kims,2770,,,,"2,770",,,,,,
PIKNIK STRAWBERRY WAFER (RS 5/-),,Wafers,Kims,2170,,,,"2,170",,,,,,
TIT BIT CHOCOLATE VANILLA RS. 5/- (30-PACKS),,Wafers,Kims,2170,,,,"2,170",,,,,,
TIK TOK BANANA RS 10/- BOX 15 (PIECES),,Wafers,Kims,2410,,,,"2,410",,,,,,
TIK TOK COCUNUT WAFERS BOX RS 10/- (15 PIECES),,Wafers,Kims,2170,,,,"2,170",,,,,,
TIK TOK CHOCOLATE WAFER RS. 20/- (12 PIECES),,Wafers,Kims,3248,,,,"3,248",,,,,,
SIP CHOCOLATE (LIQUID CREAM) BOX RS. 10/-,,Chocolate,Kims,2188,,,,"2,188",,,,,,
SIP CHOCOLATE (LIQUID CREAM) JAR RS. 10/-,,Chocolate,Kims,3526,,,,"3,526",,,,,,
CHOKOZO CHOCOLATE (RS.5/-),,Chocolate,Kims,2770,,,,"2,770",,,,,,
CHOKOZO CHOCOLATE JAR (RS.5/-),,Chocolate,Kims,2770,,,,"2,770",,,,,,
MIX NIMKO RS. 50/-,,Nimko,Kims,2770,,,,"2,770",,,,,,
SHAKKAAR NIMKO (900 GM),,Nimko,Kims,5600,,,,"5,600",,,,,,
MUGHAL-E-AZAM NIMKO RS. 30/-,,Nimko,Kims,550,,,,550,,,,,,
ROYAL PREMIUM NIMKO MIX RS. 20/- (12 PIECES),,Nimko,Kims,2230,,,,"2,230",,,,,,
CHATHKHARA NIMKO (DAL MOTH) RS.5/- box (30 PIECES),,Nimko,Kims,2134,,,,"2,134",,,,,,
KHOYA BADAMI RS. 5/- (30 PIECES),,Toffee,Kims,3010,,,,"3,010",,,,,,
CHAMPION DELICIOUS MILK CHOCOLATE JAR RS.5,,Chocolate,Kims,2890,,,,"2,890",,,,,,
NUTTY RS.5/- (30 PIECES),,Chocolate,Kims,2170,,,,"2,170",,,,,,
KRAZZY COCONUT RS.10/-,,Chocolate,Kims,3776,,,,"3,776",,,,,,
NUTTYS RS.10/-,,Chocolate,Kims,3776,,,,"3,776",,,,,,
KRAZZY COCONUT RS.20/- (12 PIECES),,Chocolate,Kims,2890,,,,"2,890",,,,,,
CHOCO MILK CREAMY CHOCOLATE RS. 20/-,,Chocolate,Kims,3430,,,,"3,430",,,,,,
CHOCO MILK CREAMY CHOCOLATE RS. 10/-,,Chocolate,Kims,2358,,,,"2,358",,,,,,
CHOCO MILK CREAMY CHOCOLATE RS. 5/-,,Chocolate,Kims,2170,,,,"2,170",,,,,,
NUT KHUT CHOCOLATE RS.5/- (30 PIECES),,Chocolate,Kims,2170,,,,"2,170",,,,,,
KRAZZY NARIL RS.5/-,,Chocolate,Kims,2170,,,,"2,170",,,,,,
CHOCO CRISP RS.10/- (24 PIECES),,Wafers,Kims,3500,,,,"3,500",,,,,,
SWEETY SOFT CAKE STRAWBERRY & VANILLA RS. 10,,CAKE RANGE,Kims,2047,,,,"2,047",,,,,,
BANANA SHAKE CAKE RS.5/- (30 PIECES),,CAKE RANGE,Kims,2224,,,,"2,224",,,,,,
KIMS CAKE (SWISS ROLL) STRAWBERRY RS.10/- (15 PIECES),,CAKE RANGE,Kims,2260,,,,"2,260",,,,,,
FIX (VANILLA) RS.10/-,,CAKE RANGE,Kims,2893,,,,"2,893",,,,,,
DONUT STRAWBERRY (RS.10/-),,CAKE RANGE,Kims,2296,,,,"2,296",,,,,,
DONUT CAKE EGG & MILK (TRAY PACK) RS. 20/-,,CAKE RANGE,Kims,2226,,,,"2,226",,,,,,
SWISS ROLL RS. 20/- (DOUBLE SHOT CHOCOLATE & VANILA),,CAKE RANGE,Kims,1612,,,,"1,612",,,,,,
FIX RS. 20/- (DOUBLE CHOCOLATE-VANILLA CREAM CAKE),,CAKE RANGE,Kims,2160,,,,"2,160",,,,,,
CAKE DELIGHT CHOCOLATE RS. 20/-,,CAKE RANGE,Kims,3429,,,,"3,429",,,,,,
BIG SIX BUBBLE GUM BOX RS. 5/- (50 PIECES),,Bubble,Kims,2243,,,,"2,243",,,,,,
BIG SIX BUBBLE GUM (JAR) RS. 5/-,,Bubble,Kims,2209,,,,"2,209",,,,,,
BUMPER BUBBLE (MANGO) RS.2/-,,Bubble,Kims,2890,,,,"2,890",,,,,,
CHIK NIK (CHOCOLATE BEANS) RS.5/- (40 PIECES),,Beans,Kims,3034,,,,"3,034",,,,,,
BYONIC EYE LOLLY POP ORANGE LIME RS. 5/-,,Lollypop,Kims,2398,,,,"2,398",,,,,,
PANDA POP (STRAWBERRY & VANILLA) LOLLY POP RS. 5/-,,Lollypop,Kims,2224,,,,"2,224",,,,,,
PANDA (BUTTER POWER) LOLLY POP BOX RS. 5/- (30 PIECES),,Lollypop,Kims,2224,,,,"2,224",,,,,,
LIPPOP (BUBBLE CENTER FILLED) LOLLY POP RS. 5/-,,Lollypop,Kims,2110,,,,"2,110",,,,,,
PANDA POP (STRAWBERRY & VANILLA) LOLLY POP JAR RS. 5/-,,Lollypop,Kims,2890,,,,"2,890",,,,,,
PANDA (BUTTER POWER) LOLLY POP JAR RS. 5/-,,Lollypop,Kims,2890,,,,"2,890",,,,,,
PINK PONK CHOCOLATE & VANILLA CUP RS.5,,,Kims,3130,,,,"3,130",,,,,,
SOUR FLASH ORANGE N LIME CHEW RS. 5/-,,Chew range,Kims,2074,,,,"2,074",,,,,,
ZOOLO (BLUEBERRY) RS.5/-,,Chew range,Kims,2074,,,,"2,074",,,,,,
YUM CHEW (STRAWBERRY MILK) RS.5/-,,Chew range,Kims,2074,,,,"2,074",,,,,,
BUSTER SOUR CHEW STRAWBERRY & LIME RS. 20/- (20 PIECES),,Chew range,Kims,4770,,,,"4,770",,,,,,
DOUBLE CREAM BISCUITS (STRAWBERRY & VANILLA) RS. 50/-,,Biscuit,Kims,1834,,,,"1,834",,,,,,
CHOCO DIP COOKIES RS. 50/-,,Biscuit,Kims,1834,,,,"1,834",,,,,,
PEANUT BISCUIT RS. 50/-,,Biscuit,Kims,1834,,,,"1,834",,,,,,
TEA TIME COOKIES RS. 40/-,,Biscuit,Kims,3120,,,,"3,120",,,,,,
MOONG PHALI MP RS. 40/-,,,Kims,3120,,,,"3,120",,,,,,
SUPERB (MILK & CHOCOLATE) RS. 40/-,,,Kims,3120,,,,"3,120",,,,,,
BANANA CRUNCH MP RS. 30/-,,MIDI PACK ( RS.30/- ),Kims,2602,,,,"2,602",,,,,,
SOPREME EGG & MILK COOKIES RS.20/-,,Biscuit,Kims,2296,,,,"2,296",,,,,,
RIGHT M/P (RS.20/-),,MIDI PACK ( RS.20/- ),Kims,1666,,,,"1,666",,,,,,
COOKIES LOVE MP (RS.20/-),,Biscuit,Kims,1666,,,,"1,666",,,,,,
SUPERB MP (RS.10/-),,MIDI PACK ( RS.10/- ),Kims,2296,,,,"2,296",,,,,,
CHEFF BISCUITS RS. 10/- (16 PIECES),,Biscuit,Kims,2296,,,,"2,296",,,,,,
CHOCO TWIST (CHOCOLATE FILLED COOKIES) M/P RS. 10/-,,Biscuit,Kims,2296,,,,"2,296",,,,,,
GLUCOSE MAGIC MP RS. 10/-,,MIDI PACK ( RS.10/- ),Kims,2296,,,,"2,296",,,,,,
CHOCO DIP COOKIES MP (RS.10/-),,Biscuit,Kims,2296,,,,"2,296",,,,,,
NARIAL COOKIES MP (RS.10/-),,Biscuit,Kims,2296,,,,"2,296",,,,,,
SUPERB (MILK & CHOCOLATE) RS.10/- (16 PIECES),,MIDI PACK ( RS.10/- ),Kims,2332,,,,"2,332",,,,,,
MILKY WAY M/P (RS.10/-),,MIDI PACK ( RS.10/- ),Kims,2296,,,,"2,296",,,,,,
MOONG PHALI MP RS. 10/-,,MIDI PACK ( RS.10/- ),Kims,2296,,,,"2,296",,,,,,
PEANUT PISTA MP (RS.10/-),,MIDI PACK ( RS.10/- ),Kims,2296,,,,"2,296",,,,,,
SWEET COOKIES (EGG & MILK) RS. 10/-,,Biscuit,Kims,2296,,,,"2,296",,,,,,
CUSTARD CREAM Snack Pack (RS.5/-),,TIKKI PACKS / SNACK PACKS ( RS.5/- ),Kims,2260,,,,"2,260",,,,,,
MILKY WAY Snack Pack (RS.5/-),,TIKKI PACKS / SNACK PACKS ( RS.5/- ),Kims,1738,,,,"1,738",,,,,,
RIGHT T/P RS. 5/-,,TIKKI PACKS / SNACK PACKS ( RS.5/- ),Kims,2260,,,,"2,260",,,,,,
TEA TIME T/P RS.5/-,,Biscuit,Kims,1792,,,,"1,792",,,,,,
DANISH BUTTER COOKIES Snack Pack (RS.5/-),,Biscuit,Kims,1792,,,,"1,792",,,,,,
BADAMI MEVA CANDY RS. 5/- (30 PIECES),,candy,Kims,2890,,,,"2,890",,,,,,
JOY LIP CANDY (CHOCOLATE & VANILLA) RS. 5/-,,candy,Kims,1900,,,,"1,900",,,,,,
BUTTER SCOTCH CANDY RS. 5/- (30 PIECES),,candy,Kims,1900,,,,"1,900",,,,,,
JOY LIP CANDY (CHOCOLATE & VANILLA) JAR RS. 5/-,,candy,Kims,2110,,,,"2,110",,,,,,
KULFA CANDY RS. 5/- JAR (50 PIECES),,candy,Kims,2110,,,,"2,110",,,,,,
ECLAIR TOFFO BOX (RS.1/-),,Toffee,Kims,2260,,,,"2,260",,,,,,
MASALA CANDY JAR (RS.2/-) 150 PIECES,,candy,Kims,1180,,,,"1,180",,,,,,
BUTTER SCOTCH CANDY BOX RS.2/-,,candy,Kims,2554,,,,"2,554",,,,,,
MEETHI RUS CANDY BOX RS.2/-,,candy,Kims,2554,,,,"2,554",,,,,,
FRUITO CANDY RS. 2/-,,candy,Kims,1898,,,,"1,898",,,,,,
ÉCLAIR GOLD TOFFEE (RS. 2/-),,Toffee,Kims,3200,,,,"3,200",,,,,,
AMROOD BOX ( RS.1/- ),,candy,Kims,2986,,,,"2,986",,,,,,
FANTO BOX ( RS.1/- ),,candy,Kims,2986,,,,"2,986",,,,,,
KHOPRA BOX ( RS.1/- ),,candy,Kims,2986,,,,"2,986",,,,,,
DOUBLE SHOT (WAFER CREAM ROLLIES) RS.10/-,,Wafers,Kims,2098,,,,"2,098",,,,,,
PIKNIK BANANA WAFER (RS 5/-),,Wafers,Kims,2170,,,,"2,170",,,,,,
TIK TOK PEACH WAFERS BOX RS 10/- (15 PIECES),,Wafers,Kims,2170,,,,"2,170",,,,,,
TIK TOK COCUNUT WAFERS HANGER RS 10/- (15 PIECES),,Wafers,Kims,2410,,,,"2,410",,,,,,
CHOCO BITE CONE RS.10,,Wafers,Kims,3340,,,,"3,340",,,,,,
KRUNCHY WAFFER (VANILLA) RS.30/-,,Wafers,Kims,2436,,,,"2,436",,,,,,
SIP CONDENSED MILK (LIQUID CREAM) BOX RS. 10/-,,Wafers,Kims,2188,,,,"2,188",,,,,,
SIP CONDENSED MILK (LIQUID CREAM) JAR RS. 10/-,,Wafers,Kims,3526,,,,"3,526",,,,,,
CHOKOZO MILK MAZA (RS.5/-),,Chocolate,Kims,2770,,,,"2,770",,,,,,
CHOKOZO MILK MAZA JAR (RS.5/-),,Chocolate,Kims,2770,,,,"2,770",,,,,,
CHATPATA (RS. 10/-) 15 PIECES,,Nimko,Kims,2134,,,,"2,134",,,,,,
CHATKHARA NIMKO (DAL MURGH) RS.5/- BOX (30 PIECES),,Nimko,Kims,2134,,,,"2,134",,,,,,
CHATKHARA NIMKO (MIX NIMKO) RS.5/- BOX (30 PIECES),,Nimko,Kims,2134,,,,"2,134",,,,,,
KRAZZY COCONUT RS.5/- (30 PIECES),,Chocolate,Kims,2170,,,,"2,170",,,,,,
NUTTY RS.20/- (12 PIECES),,Chocolate,Kims,2890,,,,"2,890",,,,,,
CHOCO MILK CREAMY CHOCOLATE RS. 50/-,,Chocolate,Kims,5330,,,,"5,330",,,,,,
NUT KHUT CHOCOLATE (RS.10),,Chocolate,Kims,2250,,,,"2,250",,,,,,
BOOMY RS.5/- (30 PIECES),,Chocolate,Kims,2170,,,,"2,170",,,,,,
CHOCO DREAM RS. 5/- (30 PIECES),,Chocolate,Kims,2170,,,,"2,170",,,,,,
KRAZZY NUT RS.5/- (30 PIECES),,Chocolate,Kims,2170,,,,"2,170",,,,,,
CHOCO BISC RS.10/- (24 PIECES),,Wafers,Kims,3415,,,,"3,415",,,,,,
KRISPO WAFERS CHOCOLATE RS. 20/-,,Wafers,Kims,2340,,,,"2,340",,,,,,
SWEETY SOFT CAKE RS.5/- (30 PIECES),,CAKE RANGE,Kims,2224,,,,"2,224",,,,,,
TWINKLE CAKE (CHOCOLATE & VANILA) RS.5/- (30 PIECES),,CAKE RANGE,Kims,2224,,,,"2,224",,,,,,
SHAKE PINEAPPLE CAKE RS.5/- (30 PIECES),,CAKE RANGE,Kims,2224,,,,"2,224",,,,,,
STRAWBERRY VANILA (SWISS ROLL) CAKE RS.10/- (15 PIECES),,CAKE RANGE,Kims,2260,,,,"2,260",,,,,,
SWISS ROLL (BANANA) RS.10/- (15 PIECES),,CAKE RANGE,Kims,2260,,,,"2,260",,,,,,
FIX (STRAWBERRY) RS.10/-,,CAKE RANGE,Kims,2893,,,,"2,893",,,,,,
MUFFINNS (CHOCOLATE) RS.10/-,,CAKE RANGE,Kims,2224,,,,"2,224",,,,,,
KUP CAKE (STRAWBERRY) RS.10/-,,CAKE RANGE,Kims,2224,,,,"2,224",,,,,,
DONUT NARIAL (RS.10/-),,Donuts,Kims,2296,,,,"2,296",,,,,,
SUPERB SOFT CAKE (EGG & MILK) RS. 20/- (12 PIECES),,CAKE RANGE,Kims,3429,,,,"3,429",,,,,,
BUBBLO DOUBLE TWIST BUBBLE RS. 5/-,,Bubble,Kims,1890,,,,"1,890",,,,,,
BUBBLO DOUBLE TWIST BUBBLE (JAR) RS. 5/-,,Bubble,Kims,2100,,,,"2,100",,,,,,
SABAZ ELAICHI CENTER FILLED GUM (RS.2.5),,Bubble,Kims,2334,,,,"2,334",,,,,,
BUMPER BUBBLE (AMROOD) RS.2/-,,Bubble,Kims,2890,,,,"2,890",,,,,,
FOXI (CHOCOLATE BEANS) RS.5/- (40 PIECES),,Beans,Kims,3034,,,,"3,034",,,,,,
SMART PHONE (CHOCOLATE BEANS) RS.5/-,,Beans,Kims,3034,,,,"3,034",,,,,,
MAGIC LOLLY POP RS.5/-,,Lollypop,Kims,2224,,,,"2,224",,,,,,
SANDWICH LOLLY POP STRAWBERRY VANILLA RS. 5/-,,Lollypop,Kims,2398,,,,"2,398",,,,,,
PANDA POP (CHOCOLATE & VANILLA) LOLLY POP RS. 5/-,,Lollypop,Kims,2224,,,,"2,224",,,,,,
PANDA POP (CHOCOLATE & VANILLA) LOLLY POP JAR RS. 5/-,,Lollypop,Kims,2890,,,,"2,890",,,,,,
PINKY PONK STRAWBERRY & VANILLA CUP RS.5,,,Kims,3130,,,,"3,130",,,,,,
CHOCO BOOM RS.5,,,Kims,2890,,,,"2,890",,,,,,
MILK BADAMI (MILKY CHEW) RS. 5/-,,Toffee,Kims,2074,,,,"2,074",,,,,,
ZOOLO (STRAWBERRY) RS.5/-,,Toffee,Kims,2074,,,,"2,074",,,,,,
YUM CHEW (CHOCOLATE MILK) RS.5/-,,Toffee,Kims,2074,,,,"2,074",,,,,,
GLOBY BISCUITS EGG & MILK RS.50/-,,Biscuit,Kims,1834,,,,"1,834",,,,,,
SUPERB COOKIES (ELACHI) RS.50/-,,Biscuit,Kims,1834,,,,"1,834",,,,,,
TEA TIME COOKIES RS.50/-,,Biscuit,Kims,1834,,,,"1,834",,,,,,
DANISH BUTTER COOKIES MP RS.50/-,,Biscuit,Kims,1834,,,,"1,834",,,,,,
SUPERB BISCUIT RS.50/-,,Biscuit,Kims,1834,,,,"1,834",,,,,,
SOPREME FP RS.50/-,,,Kims,3850,,,,"3,850",,,,,,
SUPERB COOKIES (ELACHI) RS.40,,Biscuit,Kims,3120,,,,"3,120",,,,,,
LEMON CRUNCH MP RS.40/-,,,Kims,3120,,,,"3,120",,,,,,
CHOCOCOLATE CRUNCH MP RS.30/-,,,Kims,2602,,,,"2,602",,,,,,
BISKUT (EGG & MILK COOKIES) RS.20/-,,Biscuit,Kims,2782,,,,"2,782",,,,,,
GLUCOSE MAGIC MP RS.20/-,,,Kims,2296,,,,"2,296",,,,,,
SUPERB (MILK & CHOCOLATE) RS.20/-(8 PIECES),,,Kims,2332,,,,"2,332",,,,,,
ENJOY PEANUT (RS.20/-),,,Kims,1666,,,,"1,666",,,,,,
CHOCOLATE SANDWICH MP RS.10/-,,,Kims,2296,,,,"2,296",,,,,,
CUSTARD CREAM MP RS.10/-,,,Kims,2296,,,,"2,296",,,,,,
STRAWBERRY FUN MP RS.10/-,,,Kims,2296,,,,"2,296",,,,,,
LEMON SANDWICH MP RS.10/-,,,Kims,2296,,,,"2,296",,,,,,
BUTTER COOKIES MP RS.10/-,,Biscuit,Kims,2296,,,,"2,296",,,,,,
COCONUT COOKIES MP RS.10/-,,Biscuit,Kims,2296,,,,"2,296",,,,,,
TEA TIME MP RS.10/-,,Biscuit,Kims,2296,,,,"2,296",,,,,,
BISKUT ( EGG & MILK COOKIES ) RS.10/-,,Biscuit,Kims,2296,,,,"2,296",,,,,,
RIGHT T/P (RS.5/-),,,Kims,1738,,,,"1,738",,,,,,
CHOCOLATE SANDWICH Snack Pack (RS.5/-),,,Kims,2260,,,,"2,260",,,,,,
STRAWBERRY FUN Snack Pack (RS.5/-),,,Kims,2260,,,,"2,260",,,,,,
COCO-NUT COOKIES RS 5,,Biscuit,Kims,1738,,,,"1,738",,,,,,
DUO CHOCOLATE VANILLA SANDWICH (RS.5/-),,,Kims,2260,,,,"2,260",,,,,,
YUMTUM (STRAWBERRY & VANILLA) (RS.5/-),,,Kims,2260,,,,"2,260",,,,,,
SMILISH Snack Pack (RS.5/-),,,Kims,2260,,,,"2,260",,,,,,
BISKUT ( EGG & MILK COOKIES ) RS.5/-,,Biscuit,Kims,2260,,,,"2,260",,,,,,
HI PUNCH (CHOCOLATE FILLED BISCUITS) RS.10/-,,Biscuit,Kims,2224,,,,"2,224",,,,,,
FUN FRUIT JELLY JAR RS.10,,Jelly,Kims,2890,,,,"2,890",,,,,,
KHOPRA MAZA CANDY RS.5/- (30 PIECES),,candy,Kims,1900,,,,"1,900",,,,,,
FANTO MAZA CANDY RS.5/- (30 PIECES),,candy,Kims,1900,,,,"1,900",,,,,,
JOY LIP CANDY (AMROOD) RS.5/-,,candy,Kims,1900,,,,"1,900",,,,,,
COFFEE BLEND CANDY RS.5/- (30 PIECES),,candy,Kims,1900,,,,"1,900",,,,,,
JOY LIP CANDY (AMROOD) JAR RS.5/-,,candy,Kims,2110,,,,"2,110",,,,,,
BUTTER SCOTCH CANDY RS.5/- JAR (50 PIECES),,candy,Kims,2110,,,,"2,110",,,,,,
SONA HALWA TOFFEE (RS.2/-),,Toffee,Kims,2670,,,,"2,670",,,,,,
MILK TOFFO BOX (RS.1/-),,Toffee,Kims,2260,,,,"2,260",,,,,,
PRIME TOFFO CHOCOLATE BOX (RS.1/-),,Toffee,Kims,2260,,,,"2,260",,,,,,
MILK-CANE MILK CREAM CANDY BOX RS.2/-,,candy,Kims,2554,,,,"2,554",,,,,,
MANGO MAZA CANDY BOX RS.2/-,,candy,Kims,2554,,,,"2,554",,,,,,
PINKY STRAWBERRY CREAM CANDY BOX RS.2/-,,candy,Kims,2554,,,,"2,554",,,,,,
AMROOD MAZA CANDY RS.2/-,,candy,Kims,2554,,,,"2,554",,,,,,
FANTO CANDY JAR RS. 2/-,,candy,Kims,2482,,,,"2,482",,,,,,
BUTTER SCOTCH CANDY POUCH RS.1/- (70 PIECES),,candy,Kims,1910,,,,"1,910",,,,,,
FRUITO CANDY (RS.1/-),,candy,Kims,2986,,,,"2,986",,,,,,
FANTO ORANGE CANDY BOX (RS.1/-),,candy,Kims,2986,,,,"2,986",,,,,,
MILKY SOFT CANDY BOX (RS.1/-),,candy,Kims,2170,,,,"2,170",,,,,,
SPLASHER (MANGO) CANDY BOX (RS.1/-),,candy,Kims,2986,,,,"2,986",,,,,,
SUPER KHOPRA CANDY BOX (RS.1/-),,candy,Kims,2986,,,,"2,986",,,,,,
HOKIT CANDY BOX (RS.1/-),,candy,Kims,2170,,,,"2,170",,,,,,
DARBARI MEVA (MIX DRY FRUITS) RS. 5/-,,MIX DRY FRUITS,Kims,1990,,,,"1,990",,,,,,
PIKNIK ORANGE WAFER RS.5/-,,Wafers,Kims,2170,,,,"2,170",,,,,,
TIT BIT STRAWBERRY VANILLA RS.5/- (30-PACKS),,Wafers,Kims,2170,,,,"2,170",,,,,,
TIK TOK ORANGE WAFERS BOX RS 10/- (15 PIECES),,Wafers,Kims,2170,,,,"2,170",,,,,,
TIK TOK ORANGE WAFERS HANGER RS 10/- (15 PIECES),,Wafers,Kims,2410,,,,"2,410",,,,,,
TIK TOK STRAWBERRY WAFER RS.20/- (12 PIECES),,Wafers,Kims,3248,,,,"3,248",,,,,,
KRUNCHY WAFFER (STRAWBERRY) RS.30/-,,Wafers,Kims,2436,,,,"2,436",,,,,,
SIP STRAWBERRY (LIQUID CREAM) BOX RS. 10/-,,Chocolate,Kims,2188,,,,"2,188",,,,,,
SIP STRAWBERRY (LIQUID CREAM) JAR RS. 10/-,,Chocolate,Kims,3526,,,,"3,526",,,,,,
CHOKOZO STRAWBERRY (RS.5/-),,Chocolate,Kims,2770,,,,"2,770",,,,,,
CHOKOZO STRAWBERRY JAR (RS.5/-),,Chocolate,Kims,2770,,,,"2,770",,,,,,
LAZEEZ DAL MOTH RS.50/-,,Nimko,Kims,2770,,,,"2,770",,,,,,
SHINWARI MIX NIMKO RS.20/- (12 PIECES),,Nimko,Kims,2230,,,,"2,230",,,,,,
CHICKEN SPICY MIX NIMKO (RS.10) 15 PIECES,,Nimko,Kims,2134,,,,"2,134",,,,,,
ACHAR CHASKA (MIX NIMKO) RS.5/- box (30 PIECES),,Nimko,Kims,2134,,,,"2,134",,,,,,
CHICKEN MASALA NIMKO RS.5/- (30 PIECES),,Nimko,Kims,2134,,,,"2,134",,,,,,
FANATACY.5/- (30 PIECES),,Chocolate,Kims,2170,,,,"2,170",,,,,,
P-NUT RS.5/- (30 PIECES),,Chocolate,Kims,2170,,,,"2,170",,,,,,
P-NUT RS.10/-,,Chocolate,Kims,1898,,,,"1,898",,,,,,
FANTACY RS.10/-,,Chocolate,Kims,1898,,,,"1,898",,,,,,
CHOCO DELIGHT CREAMY CHOCOLATE RS. 10/-,,Chocolate,Kims,2358,,,,"2,358",,,,,,
SECRETCHOCOLATE RS.5/- (30-PIECES),,Chocolate,Kims,2170,,,,"2,170",,,,,,
JAMMY CHOCOLATE RS.5/- (30-PIECES),,Chocolate,Kims,2170,,,,"2,170",,,,,,
JAMMY STRAWBERRY JAM RS.5/-,,Chocolate,Kims,2170,,,,"2,170",,,,,,
DOODLE CHOCOLATE RS.5,,Chocolate,Kims,2170,,,,"2,170",,,,,,
MILKY CHOCOLATE RS.5/-,,Chocolate,Kims,2170,,,,"2,170",,,,,,
HELLO CHOCOLATE COATED BISCUIT RS.5/-,,Biscuit,Kims,2250,,,,"2,250",,,,,,
SPARK RS.10 (24 PIECES),,Wafers,Kims,3500,,,,"3,500",,,,,,
TWINKLE CAKE (STRAWBERRY & VANILA) RS.5/- (30 PIECES),,CAKE RANGE,Kims,2224,,,,"2,224",,,,,,
STRAWBERRY JAM CAKE RS.5/- (30 PIECES),,CAKE RANGE,Kims,2224,,,,"2,224",,,,,,
TUTTI FRUITY CAKE RS.5/- (30 PIECES),,CAKE RANGE,Kims,2224,,,,"2,224",,,,,,
CHOCOLUV CAKE RS.5/- (30 PIECES),,CAKE RANGE,Kims,2224,,,,"2,224",,,,,,
KIMS CAKE ( SWISS ROLL ) CHOCOLATE RS.10/- (15 PIECES),,CAKE RANGE,Kims,2260,,,,"2,260",,,,,,
SWISS ROLL ( RED VELVET ) RS.10/- (15 PIECES),,CAKE RANGE,Kims,2260,,,,"2,260",,,,,,
FIX (CHOCOLATE) RS.10/-,,CAKE RANGE,Kims,2893,,,,"2,893",,,,,,
MUFFINNS (STRAWBERRY) RS.10/-,,CAKE RANGE,Kims,2224,,,,"2,224",,,,,,
KUP CAKE ( CHOCOLATE ) RS.10/-,,CAKE RANGE,Kims,2224,,,,"2,224",,,,,,
DONUT CHOCO CHIP ( RS.10/-),,Donuts,Kims,2296,,,,"2,296",,,,,,
DONUT CAKE EGG & MILK (TRAY PACK) RS. 20/-,,CAKE RANGE,Kims,2226,,,,"2,226",,,,,,
SWISS ROLL RS. 20/- (DOUBLE SHOT STRAWBERRY & VANILA),,CAKE RANGE,Kims,1612,,,,"1,612",,,,,,
FIX RS. 20/- (CHOCOLATE COATED STRAWBERRY CREAM CAKE),,CAKE RANGE,Kims,2160,,,,"2,160",,,,,,
SUPERB SOFT CAKE (CHOCOLATE & MILK) RS. 20/- (12 PIECES),,CAKE RANGE,Kims,3429,,,,"3,429",,,,,,
CAKE DELIGHT STRAWBERRY & VANILLA RS. 20/-,,CAKE RANGE,Kims,3429,,,,"3,429",,,,,,
DR. BUBBLE ( BOX ) RS 5/-,,Bubble,Kims,1954,,,,"1,954",,,,,,
DR. BUBBLE ( JAR ) RS 5/-,,Bubble,Kims,2191,,,,"2,191",,,,,,
BUMPER BUBBLE ( TUTI FRUITI) RS.2/-,,Bubble,Kims,2890,,,,"2,890",,,,,,
LET'S GO BUBBLE GUM RS.5/-,,Bubble,Kims,2146,,,,"2,146",,,,,,
BE MANGO BUBBLE GUM RS.5,,Bubble,Kims,2146,,,,"2,146",,,,,,
MINTY BUBBLE GUM RS.5,,Bubble,Kims,2146,,,,"2,146",,,,,,
BEANS MILK CHOCOLATE RS.20/-,,Beans,Kims,3240,,,,"3,240",,,,,,
SNACKY FOXI (CHOCOLATE BEANS) RS.5 (40 PIECES),,Beans,Kims,3034,,,,"3,034",,,,,,
BLOW IT LOLLY POP RS.5/-,,Lollypop,Kims,2224,,,,"2,224",,,,,,
CHOCO RING LOLLY POP CHOCOLATE VANILLA RS. 5/-,,Lollypop,Kims,2398,,,,"2,398",,,,,,
PANDA POP (ORANGE & LIME) LOLLY POP RS. 5/-,,Lollypop,Kims,2224,,,,"2,224",,,,,,
PANDA (MILK ENERGY) LOLLY POP BOX RS. 5/- (30 PIECES),,Lollypop,Kims,2224,,,,"2,224",,,,,,
PANDA POP (ORANGE & LIME) LOLLY POP JAR RS. 5/-,,Lollypop,Kims,2890,,,,"2,890",,,,,,
PANDA (MILK ENERGY) LOLLY POP JAR RS. 5/-,,Lollypop,Kims,2890,,,,"2,890",,,,,,
PINK PONK MANGO CUP RS.5,,,Kims,3130,,,,"3,130",,,,,,
SOUR DRAGON COLA CHEW RS. 5/-,,Chew range,Kims,2074,,,,"2,074",,,,,,
TONIK ( BLUEBERRY & STRAWBERRY ) RS.5/-,,Chew range,Kims,2074,,,,"2,074",,,,,,
TONIK ( LIME & LEMON ) RS.5/-,,Chew range,Kims,2074,,,,"2,074",,,,,,
BUSTER SOUR CHEW BLUEBERRY RS. 10/- (24 PIECES),,Chew range,Kims,2890,,,,"2,890",,,,,,
JUMBO BUBBLE GUM Rs:2/- 75-P,,Bubble,Bringo Foods,"3,960",,4320,4140,"3,960",36,5,,,,
WOW GIFT BUBBLE Rs:5/- 30-P,,Bubble,Bringo Foods,"2,760",,3000,2880,"2,760",24,0,,,,
EGG LUCK RS:10/- 30-P,,Egg,Bringo Foods,"5,760",,6120,6000,"5,760",24,0,,,,
CATO 5 BUBBLE GUM BOX Rs:5/-,,Bubble,Bringo Foods,"2,580",,2760,2760,"2,580",12,0,,,,
ZOOM UP BUBBLE GUM Rs:5/-,,Bubble,Bringo Foods,"2,136",,2250,2200,"2,136",12,80,,,,
FISH JAR 200-P,,Bubble,Bringo Foods,"3,600",,3840,3840,"3,600",24,0,,,,
DOLPHIN JAR Rs:2/- 100-P,,Bubble,Bringo Foods,"3,240",,3840,3840,"3,240",24,0,,,,
TENNIS JAR Rs:2/- 100-P,,Bubble,Bringo Foods,"3,240",,3840,3840,"3,240",24,0,,,,
BURGER BUBBLE GUM Rs:5/-,,Bubble,Bringo Foods,"2,580",,2880,2760,"2,580",12,10,,,,
CATO 5 BUBBLE GUM JAR Rs:5/-,,Bubble,Bringo Foods,"5,340",,5520,5520,"5,340",12,0,,,,
BUBBLE BALL GUM Rs:5/-,,Bubble,Bringo Foods,"2,580",,2880,2760,"2,580",12,5,,,,
MR EGG R:50/-,,Egg,Bringo Foods,"4,350",,4560,4560,"4,350",6,0,,,,
BEBO BUBBLE GUM Rs:5/-,,Bubble,Bringo Foods,"2,520",,2760,2760,"2,520",12,0,,,,
ANGRY BIRD Rs:2/- 75-P,,Bubble,Bringo Foods,"3,960",,4320,4320,"3,960",36,5,,,,
SOUR BLAST BUBBLE GUM Rs:5/-,,Bubble,Bringo Foods,"2,520",,2880,2760,"2,520",12,5,,,,
CANDY MANIA RS:2/-,,candy,Bringo Foods,"2,952",,3060,3060,"2,952",36,0,,,,
XXL CANDIES JAR Rs:5/-,,candy,Bringo Foods,"1,980",,2160,2160,"1,980",12,10,,,,
B-CANDY 150-P Rs. 1,,candy,Bringo Foods,"4,104",,4320,4320,"4,104",36,0,,,,
SPOON DIPS Rs:10/-,,candy,Bringo Foods,"4,320",,4560,4560,"4,320",24,0,,,,
SOUR SKULL CANDY Rs:10/-,,candy,Bringo Foods,"4,320",,4560,4560,"4,320",24,0,,,,
NINJA FRUITY Rs.5/- 30-P,,Chew range,Bringo Foods,"2,688",,2832,2832,"2,688",24,0,,,,
BARFI CHEW Rs:2/-,,Chew range,Bringo Foods,"3,060",,3420,3420,"3,060",36,0,,,,
TWIZZLES Rs:10/- LONG CHEWY ROPE,,Chew range,Bringo Foods,"3,960",,4200,4200,"3,960",24,0,,,,
ZOMBIZO CHEW RS :10/- COLA,,Chew range,Bringo Foods,"3,960",,4200,4200,"3,960",24,0,,,,
PARTY SHAKE 30-P Rs. 5,,Chocolate,Bringo Foods,"2,760",,2880,2880,"2,760",24,2,,,,
JET LICK Rs:5/- 30-P,,Lollypop,Bringo Foods,"2,760",,2928,2928,"2,760",24,0,,,,
JET SPORT Rs:5/- 30-P,,Lollypop,Bringo Foods,"2,760",,2880,2880,"2,760",24,5,,,,
LOLLY POP BOX 60-P Rs:2/-,,Lollypop,Bringo Foods,"3,060",,3420,3420,"3,060",36,0,,,,
SOURDIP LOLLY Rs:10/-,,Lollypop,Bringo Foods,"4,200",,4560,4560,"4,200",24,0,,,,
CHEWISH LP Rs:5/-,,Lollypop,Bringo Foods,"3,960",,4440,4440,"3,960",24,20,,,,
BUTTERFLY POP 30-P Rs.5,,Lollypop,Bringo Foods,"2,760",,2880,2880,"2,760",24,5,,,,
TEDDY POP 30-P Rs.5,,Lollypop,Bringo Foods,"2,760",,2880,2880,"2,760",24,5,,,,
POPLIX BUBBLE GUM LOLLIPOP RS:10/-,,Lollypop,Bringo Foods,"5,920",,6160,6160,"5,920",16,0,,,,
TAFINO ZOO CREW TOFFEE RS:5/-,,Toffee,Bringo Foods,"2,688",,2880,2832,"2,688",24,20,,,,
CHILLI CHUNK (5x30x24) Rs. 5,,Chew range,Shalimar / Vania food,2520,,2880,2880,"2,520",24,0,,,,
JACK POT CHEW (5x30x36) Rs. 5,,Chew range,Shalimar / Vania food,3780,,4320,4320,"3,780",36,0,,,,
CHILLI CHASKA (10x24x24) Rs. 10,,Chew range,Shalimar / Vania food,4560,,4680,4680,"4,560",24,0,,,,
PARTY TIME IMLI & COLA (1x200x36) Rs. 1,,Chew range,Shalimar / Vania food,5004,,5400,5400,"5,004",36,0,,,,
CHILLIES STICK (10x24x24) Rs 10,,Chew range,Shalimar / Vania food,3960,,4320,4320,"3,960",24,0,,,,
HORROR CHEW (10x24x18) Rs. 10,,Chew range,Shalimar / Vania food,2970,,3240,3240,"2,970",18,0,,,,
ZOOMBIES CHEW (10x24x24) Rs. 10,,Chew range,Shalimar / Vania food,4632,,4752,4752,"4,632",24,25,,,,
BIG TIKTIOK LOLYPOP (10x50x16) Rs. 10,,Lollypop,Shalimar / Vania food,5952,,6320,6320,"5,952",16,0,,,,
MY LOVE POP POUCH (10x50x16) Rs. 10,,Lollypop,Shalimar / Vania food,4800,,5600,5600,"4,800",16,0,,,,
SIMBA TOFFEE POP (5x50x24) Rs. 5,,Lollypop,Shalimar / Vania food,4200,,4440,4440,"4,200",24,0,,,,
POPA LOLLY POP (5x70x18) Rs. 5,,Lollypop,Shalimar / Vania food,4770,,4950,4950,"4,770",18,0,,,,
SPRITE LOLLYPOP (5x70x18) Rs 5,,Lollypop,Shalimar / Vania food,4770,,4950,4950,"4,770",18,0,,,,
FANTA LOLLYPOP (5x70x18) Rs. 5,,Lollypop,Shalimar / Vania food,4770,,4950,4950,"4,770",18,0,,,,
CHOKI LOLLYPOP (5x70x18) Rs. 5,,Lollypop,Shalimar / Vania food,4770,,4950,4950,"4,770",18,0,,,,
ZOMIX LOLLYPOP (5x70x18) Rs. 5,,Lollypop,Shalimar / Vania food,4770,,4950,4950,"4,770",18,0,,,,
MOODYS CHOCOLATE (10x18x24) Rs. 10,,Chocolate,Shalimar / Vania food,3480,,3600,3600,"3,480",24,0,,,,
CHOCO MASTI (5x100x12) Jar Rs. 5,,Chocolate,Shalimar / Vania food,4620,,4920,4920,"4,620",12,0,,,,
SOFT CHOCOLATE (10x24x24) Rs. 10,,Chocolate,Shalimar / Vania food,4320,,4800,4800,"4,320",24,0,,,,
ONE 2 ONE CHOCOLATE (5x30x24) Rs. 5,,Chocolate,Shalimar / Vania food,2832,,3000,3000,"2,832",24,0,,,,
MR.PEANUT CHOCOLATE (5x30x24) Rs. 5,,Chocolate,Shalimar / Vania food,2832,,3000,3000,"2,832",24,0,,,,
HI CLASS BOX (1x180x36) Rs. 1,,Chocolate,Shalimar / Vania food,5040,,5400,5400,"5,040",36,0,,,,
BUNDLE BIG FOOTBAL JAR (5x60x24) Rs. 5,,Chocolate,Shalimar / Vania food,5328,,5880,5880,"5,328",12,5,,,,
MACKRO CHOCOLATE WAFFER (10x15x24) Rs. 10,,Chocolate,Shalimar / Vania food,2880,,3050,3050,"2,880",24,0,,,,
SPARK CHOCOLATE (20x30x12) Rs. 20,,Chocolate,Shalimar / Vania food,4080,,5400,5400,"4,080",12,0,,,,
DIPPI CUP (CHOC.STB.BAN) (5x60x12)  Rs. 5,,Chocolate,Shalimar / Vania food,2904,,3060,3060,"2,904",12,0,,,,
CHOKEEZ CHOCO & STRAW (5x30x36) Rs. 5,,Chocolate,Shalimar / Vania food,3960,,4140,4140,"3,960",36,0,,,,
MILKISH CHOCOLATE (10x30x18) Rs. 10,,Chocolate,Shalimar / Vania food,3690,,3960,3960,"3,690",18,0,,,,
YOU R MINE (10x30x18) Rs. 10,,Chocolate,Shalimar / Vania food,3690,,3960,3960,"3,690",18,0,,,,
OPPS CHOCOLATE (10x30x18) Rs. 10,,Chocolate,Shalimar / Vania food,3690,,3960,3960,"3,690",18,0,,,,
SILKISH CHOCOLATE (10x30x18) Rs. 10,,Chocolate,Shalimar / Vania food,3690,,3960,3960,"3,690",18,0,,,,
KULFA 42 BOX (5x40x24) Rs. 5,,Toffee,Shalimar / Vania food,3432,,3720,3720,"3,432",24,0,,,,
PURE FRUIT TOFEE JAR (1x240x30) Rs. 1,,Toffee,Shalimar / Vania food,5490,,5850,5850,"5,490",30,0,,,,
"KULFA, CREAMO,MAKHNI, BOX (2x75x24) Rs 2",,Toffee,Shalimar / Vania food,2640,,2880,2880,"2,640",24,0,,,,
BADAMI TOFFEE BOX (5x40x24) Rs. 5,,Toffee,Shalimar / Vania food,3360,,3600,3600,"3,360",24,0,,,,
SPIDERMAN BUBBLE BOX (10x24x24) Rs. 10,,Bubble,Shalimar / Vania food,4440,,4680,4680,"4,440",24,0,,,,
SPORTEES BUBBLE JAR (10x60x12) Rs. 10,,Bubble,Shalimar / Vania food,5268,,5400,5400,"5,268",12,20,,,,
SPORTEES BUBBLE BOX (10x24x24) Rs. 10,,Bubble,Shalimar / Vania food,4392,,4680,4680,"4,392",24,0,,,,
STORNG BUBBLE BOX (10x24x24) Rs. 10,,Bubble,Shalimar / Vania food,4392,,4680,4680,"4,392",24,0,,,,
EXTREME BUBBLE BOX (10x24x24) Rs. 10,,Bubble,Shalimar / Vania food,4392,,4680,4680,"4,392",24,0,,,,
ZOMBO BUBBLE BOX (10x24x24) Rs. 10,,Bubble,Shalimar / Vania food,4392,,4680,4680,"4,392",24,0,,,,
LUDDO BUBBLE JAR (2x120x36) Rs. 2,,Bubble,Shalimar / Vania food,6480,,6840,6840,"6,480",36,0,,,,
BURGER KING BUBBLE BOX (5x72x12) Rs. 5,,Bubble,Shalimar / Vania food,3120,,3360,3360,"3,120",12,0,,,,
ALLIN WAFERS (10x15x18) Rs. 10,,Wafers,Shalimar / Vania food,2196,,2250,2250,"2,196",18,0,,,,
BUBLOO DUBLOO (10x30x18) Rs. 10,,Wafers,Shalimar / Vania food,3600,,3780,3780,"3,600",18,20,,,,
WAFOO BISCIUT (20x12x12) Rs. 20,,Wafers,Shalimar / Vania food,2220,,2340,2340,"2,220",12,0,,,,
TARGET (10x24x24) Rs. 10,,Wafers,Shalimar / Vania food,4392,,4560,4560,"4,392",24,0,,,,
CHILL WILL WAFFER (10x15x24) Rs. 10,,Wafers,Shalimar / Vania food,2928,,3000,3000,"2,928",24,0,,,,
BULBULAY WAFERS (5x30x24) Rs. 5,,Wafers,Shalimar / Vania food,2760,,2880,2880,"2,760",24,0,,,,
TUK TUK WAFERS (10x15x24) Rs. 10,,Wafers,Shalimar / Vania food,2736,,2880,2880,"2,736",24,0,,,,
TIK TIK ROLLS (5x60x18) Rs. 5,,Wafers,Shalimar / Vania food,4104,,4320,4320,"4,104",18,0,,,,
ROLL UP WAFFER (10x15x24) Rs. 10,,Wafers,Shalimar / Vania food,2736,,2880,2880,"2,736",24,0,,,,
ROLLY POLLY WAFFER (10x15x24) Rs. 10,,Wafers,Shalimar / Vania food,2736,,2880,2880,"2,736",24,0,,,,
SUPER BEANS BOX (10x15x24) Rs. 10,,BUNTY,Shalimar / Vania food,2832,,2928,2928,"2,832",24,5,,,,
DIL BUNTY (10x24x24) Rs. 10,,BUNTY,Shalimar / Vania food,4440,,4680,4680,"4,440",24,5,,,,
CHOCO BEANS 30 SHEET (5x30x24) Rs. 5,,BUNTY,Shalimar / Vania food,2880,,3000,3000,"2,880",24,5,,,,
CONE JELLY (5x50x16) Rs. 5,,Jelly,Shalimar / Vania food,2960,,3120,3120,"2,960",16,0,,,,
FRUITREES JELLY (5x50x16) Rs. 5,,Jelly,Shalimar / Vania food,2960,,3120,3120,"2,960",16,0,,,,
FRUIT JELLY STICK (5x60x16) Rs. 5,,Jelly,Shalimar / Vania food,3472,,3680,3680,"3,472",16,0,,,,
QUEEN JELLY (10x30x16) Rs. 10,,Jelly,Shalimar / Vania food,3600,,3840,3840,"3,600",16,0,,,,
BIG FRUIT JELLY (10x24x16) Rs. 10,,Jelly,Shalimar / Vania food,3120,,3360,3360,"3,120",16,0,,,,
LOVE CANDY JAR (5x60x12) Rs. 5,,candy,Shalimar / Vania food,2220,,2520,2520,"2,220",12,0,,,,
KHATAAS APPLE (5x50x12) Rs. 5,,candy,Shalimar / Vania food,2100,,2220,2220,"2,100",12,0,,,,
SAWADI CANDY JAR (5x60x12) Rs. 5,,candy,Shalimar / Vania food,2220,,2520,2520,"2,220",12,0,,,,
KHATAAS COLA (5x50x12) Rs. 5,,candy,Shalimar / Vania food,2100,,2220,2220,"2,100",12,0,,,,
KHATAAS CHILLI (5x50x12) Rs. 5,,candy,Shalimar / Vania food,2100,,2220,2220,"2,100",12,0,,,,
KHATAAS KINU (5x50x12) Rs. 5,,candy,Shalimar / Vania food,2100,,2220,2220,"2,100",12,0,,,,
SAWADI CANDY JAR (2x150x18) Rs. 2,,candy,Shalimar / Vania food,3870,,4140,4140,"3,870",18,0,,,,
Toy Treasure Rs. 10,,Bubble,Bringo Foods,4200,,4560,4560,4200,24,0,,,,
Imli Anardana Rs. 5,,Imli,,2300,,2520,2520,2520,24,30,,,,
Lotery imli Rs. 10,,Imli,,5440,,5920,5920,5920,32,9,,,,
Baba sweat supari Rs. 5,,Supari,,1320,,1980,1980,1980,12,40,,,,
Baba sweat supari Rs. 10,,Supari,,2800,,3480,3480,3480,12,0,,,,
Lado soap 900g,,Soap,Lado,1300,,1400,1400,1400,1,5,,,,
Crunch meva Rs. 10,,Dry fruits,Hira Foods,6300,,6660,6660,6660,36,15,,,,
Panwari pan masala Rs. 5,,Pan masala,Hira Foods,8400,,8880,8880,8880,48,15,,,,
